IDT;DIAMETRE;DDP;MATERIAU;MATAGE
0;100;01/01/2009;FONTEDUCTILE;FONTEDUCTILE20002010
1;100;01/01/2009;FONTEDUCTILE;FONTEDUCTILE20002010
2;100;01/01/2009;FONTEDUCTILE;FONTEDUCTILE20002010
3;100;01/01/2009;FONTEDUCTILE;FONTEDUCTILE20002010
4;100;01/01/2009;FONTEDUCTILE;FONTEDUCTILE20002010
5;100;01/01/2009;FONTEDUCTILE;FONTEDUCTILE20002010
6;100;01/01/2009;FONTEDUCTILE;FONTEDUCTILE20002010
7;100;01/01/2009;FONTEDUCTILE;FONTEDUCTILE20002010
8;100;01/01/2009;FONTEDUCTILE;FONTEDUCTILE20002010
9;100;01/01/2009;FONTEDUCTILE;FONTEDUCTILE20002010
10;100;01/01/2009;FONTEDUCTILE;FONTEDUCTILE20002010
11;100;01/01/2009;FONTEDUCTILE;FONTEDUCTILE20002010
12;100;01/01/2009;FONTEDUCTILE;FONTEDUCTILE20002010
13;100;01/01/2009;FONTEDUCTILE;FONTEDUCTILE20002010
14;100;01/01/2009;FONTEDUCTILE;FONTEDUCTILE20002010
15;80;01/01/2011;FONTEDUCTILE;FONTEDUCTILE20102020
16;100;01/01/2015;FONTEDUCTILE;FONTEDUCTILE20102020
17;100;01/01/2015;FONTEDUCTILE;FONTEDUCTILE20102020
18;100;01/01/2015;FONTEDUCTILE;FONTEDUCTILE20102020
19;100;01/01/2015;FONTEDUCTILE;FONTEDUCTILE20102020
20;100;01/01/2015;FONTEDUCTILE;FONTEDUCTILE20102020
21;100;01/01/2015;FONTEDUCTILE;FONTEDUCTILE20102020
22;100;01/01/2015;FONTEDUCTILE;FONTEDUCTILE20102020
23;100;01/01/2015;FONTEDUCTILE;FONTEDUCTILE20102020
24;100;01/01/2015;FONTEDUCTILE;FONTEDUCTILE20102020
25;100;01/01/2015;FONTEDUCTILE;FONTEDUCTILE20102020
26;100;01/01/2015;FONTEDUCTILE;FONTEDUCTILE20102020
27;100;01/01/2015;FONTEDUCTILE;FONTEDUCTILE20102020
28;100;01/01/2015;FONTEDUCTILE;FONTEDUCTILE20102020
29;60;01/01/2016;PVC;PVC19902020
30;50;01/01/2007;PEHD;PEHD19952020
31;50;01/01/2007;PEHD;PEHD19952020
32;50;01/01/2007;PEHD;PEHD19952020
33;50;01/01/2007;PEHD;PEHD19952020
34;0;01/01/2009;FONTEDUCTILE;FONTEDUCTILE20002010
35;0;01/01/2009;FONTEDUCTILE;FONTEDUCTILE20002010
36;0;01/01/2009;FONTEDUCTILE;FONTEDUCTILE20002010
37;100;01/01/2009;FONTEDUCTILE;FONTEDUCTILE20002010
38;50;01/01/2009;PEHD;PEHD19952020
39;50;01/01/2009;PEHD;PEHD19952020
40;50;01/01/2009;PEHD;PEHD19952020
41;50;01/01/2009;PEHD;PEHD19952020
42;50;01/01/2009;PEHD;PEHD19952020
43;100;01/01/2009;FONTEDUCTILE;FONTEDUCTILE20002010
44;63;01/01/2013;PVC;PVC19902020
45;63;01/01/2013;PVC;PVC19902020
46;63;01/01/2013;PVC;PVC19902020
47;110;01/01/2013;FONTEDUCTILE;FONTEDUCTILE20102020
48;0;01/01/2013;PVC;PVC19902020
49;110;01/01/2013;FONTEDUCTILE;FONTEDUCTILE20102020
50;110;01/01/2013;FONTEDUCTILE;FONTEDUCTILE20102020
51;110;01/01/2013;FONTEDUCTILE;FONTEDUCTILE20102020
52;110;01/01/2013;FONTEDUCTILE;FONTEDUCTILE20102020
53;110;01/01/2013;FONTEDUCTILE;FONTEDUCTILE20102020
54;110;01/01/2013;FONTEDUCTILE;FONTEDUCTILE20102020
55;110;01/01/2013;FONTEDUCTILE;FONTEDUCTILE20102020
56;110;01/01/2013;FONTEDUCTILE;FONTEDUCTILE20102020
57;110;01/01/2013;FONTEDUCTILE;FONTEDUCTILE20102020
58;110;01/01/2013;FONTEDUCTILE;FONTEDUCTILE20102020
59;110;01/01/2013;FONTEDUCTILE;FONTEDUCTILE20102020
60;110;01/01/2013;FONTEDUCTILE;FONTEDUCTILE20102020
61;110;01/01/2013;FONTEDUCTILE;FONTEDUCTILE20102020
62;110;01/01/2013;FONTEDUCTILE;FONTEDUCTILE20102020
63;0;01/01/2009;INCONNU;r
64;100;01/01/2009;FONTEDUCTILE;FONTEDUCTILE20002010
65;63;01/01/2009;PEHD;PEHD19952020
66;63;01/01/2009;PEHD;PEHD19952020
67;63;01/01/2009;PEHD;PEHD19952020
68;40;01/01/2004;PVC;PVC19902020
69;40;01/01/2004;PVC;PVC19902020
70;40;01/01/2004;PVC;PVC19902020
71;40;01/01/2004;PVC;PVC19902020
72;40;01/01/2004;PVC;PVC19902020
73;40;01/01/2004;PVC;PVC19902020
74;40;01/01/2004;PVC;PVC19902020
75;40;01/01/2004;PVC;PVC19902020
76;40;01/01/2004;PVC;PVC19902020
77;40;01/01/2004;PVC;PVC19902020
78;40;01/01/2004;PVC;PVC19902020
79;40;01/01/2004;PVC;PVC19902020
80;40;01/01/2004;PVC;PVC19902020
81;40;01/01/2004;PVC;PVC19902020
82;40;01/01/2004;PVC;PVC19902020
83;40;01/01/2004;PVC;PVC19902020
84;40;01/01/2004;PVC;PVC19902020
85;40;01/01/2004;PVC;PVC19902020
86;40;01/01/2004;PVC;PVC19902020
87;40;01/01/2004;PVC;PVC19902020
88;40;01/01/2004;PVC;PVC19902020
89;40;01/01/2004;PVC;PVC19902020
90;40;01/01/2004;PVC;PVC19902020
91;75;01/01/2004;PVC;PVC19902020
92;75;01/01/2004;PVC;PVC19902020
93;75;01/01/2004;PVC;PVC19902020
94;75;01/01/2004;PVC;PVC19902020
95;75;01/01/2004;PVC;PVC19902020
96;75;01/01/2004;PVC;PVC19902020
97;75;01/01/2004;PVC;PVC19902020
98;63;01/01/2004;PVC;PVC19902020
99;63;01/01/2006;PVC;PVC19902020
100;63;01/01/2006;PVC;PVC19902020
101;63;01/01/2006;PVC;PVC19902020
102;63;01/01/2006;PVC;PVC19902020
103;63;01/01/2006;PVC;PVC19902020
104;63;01/01/2006;PVC;PVC19902020
105;63;01/01/2006;PVC;PVC19902020
106;63;01/01/2006;PVC;PVC19902020
107;63;01/01/2006;PVC;PVC19902020
108;63;01/01/2006;PVC;PVC19902020
109;63;01/01/2006;PVC;PVC19902020
110;40;01/01/2006;PEHD;PEHD19952020
111;63;01/01/2007;PVC;PVC19902020
112;40;01/01/2007;PVC;PVC19902020
113;63;01/01/2007;PVC;PVC19902020
114;63;01/01/2007;PVC;PVC19902020
115;63;01/01/2007;PVC;PVC19902020
116;63;01/01/2007;PVC;PVC19902020
117;63;01/01/2007;PVC;PVC19902020
118;200;01/01/2007;FONTEDUCTILE;FONTEDUCTILE20002010
119;200;01/01/2007;FONTEDUCTILE;FONTEDUCTILE20002010
120;200;01/01/2007;FONTEDUCTILE;FONTEDUCTILE20002010
121;200;01/01/2007;FONTEDUCTILE;FONTEDUCTILE20002010
122;200;01/01/2007;FONTEDUCTILE;FONTEDUCTILE20002010
123;40;01/01/2008;PEHD;PEHD19952020
124;125;01/01/2010;PVC;PVC19902020
125;110;01/01/2010;PVC;PVC19902020
126;75;01/01/2010;PVC;PVC19902020
127;75;01/01/2010;PVC;PVC19902020
128;75;01/01/2010;PVC;PVC19902020
129;75;01/01/2010;PVC;PVC19902020
130;75;01/01/2010;PVC;PVC19902020
131;40;01/01/2010;PEHD;PEHD19952020
132;100;01/01/2009;FONTEDUCTILE;FONTEDUCTILE20002010
133;100;01/01/2009;FONTEDUCTILE;FONTEDUCTILE20002010
134;160;01/01/2013;FONTEDUCTILE;FONTEDUCTILE20102020
135;160;01/01/2013;FONTEDUCTILE;FONTEDUCTILE20102020
136;160;01/01/2013;FONTEDUCTILE;FONTEDUCTILE20102020
137;160;01/01/2013;FONTEDUCTILE;FONTEDUCTILE20102020
138;160;01/01/2013;FONTEDUCTILE;FONTEDUCTILE20102020
139;160;01/01/2013;FONTEDUCTILE;FONTEDUCTILE20102020
140;110;01/01/2013;PVC;PVC19902020
141;110;01/01/2013;FONTEDUCTILE;FONTEDUCTILE20102020
142;100;01/01/2017;FONTEDUCTILE;FONTEDUCTILE20102020
143;100;01/01/2017;FONTEDUCTILE;FONTEDUCTILE20102020
144;160;01/01/2013;FONTEDUCTILE;FONTEDUCTILE20102020
145;160;01/01/2013;FONTEDUCTILE;FONTEDUCTILE20102020
146;160;01/01/2013;FONTEDUCTILE;FONTEDUCTILE20102020
147;160;01/01/2013;FONTEDUCTILE;FONTEDUCTILE20102020
148;160;01/01/2013;FONTEDUCTILE;FONTEDUCTILE20102020
149;160;01/01/2013;FONTEDUCTILE;FONTEDUCTILE20102020
150;160;01/01/2013;FONTEDUCTILE;FONTEDUCTILE20102020
151;160;01/01/2013;FONTEDUCTILE;FONTEDUCTILE20102020
152;160;01/01/2013;FONTEDUCTILE;FONTEDUCTILE20102020
153;160;01/01/2013;FONTEDUCTILE;FONTEDUCTILE20102020
154;160;01/01/2013;FONTEDUCTILE;FONTEDUCTILE20102020
155;160;01/01/2013;FONTEDUCTILE;FONTEDUCTILE20102020
156;150;01/01/2013;FONTEDUCTILE;FONTEDUCTILE20102020
157;150;01/01/2013;FONTEDUCTILE;FONTEDUCTILE20102020
158;150;01/01/2013;FONTEDUCTILE;FONTEDUCTILE20102020
159;50;01/01/2013;PEHD;PEHD19952020
160;100;01/01/2013;FONTEDUCTILE;FONTEDUCTILE20102020
161;40;01/01/2013;PEHD;PEHD19952020
162;75;01/01/2013;PVC;PVC19902020
163;75;01/01/2013;PVC;PVC19902020
164;75;01/01/2013;PVC;PVC19902020
165;75;01/01/2013;PVC;PVC19902020
166;75;01/01/2013;PVC;PVC19902020
167;75;01/01/2013;PVC;PVC19902020
168;75;01/01/2013;PVC;PVC19902020
169;75;01/01/2013;PVC;PVC19902020
170;75;01/01/2013;PVC;PVC19902020
171;75;01/01/2013;PVC;PVC19902020
172;75;01/01/2013;PVC;PVC19902020
173;75;01/01/2013;PVC;PVC19902020
174;75;01/01/2013;PVC;PVC19902020
175;75;01/01/2013;PVC;PVC19902020
176;150;01/01/2014;FONTEDUCTILE;FONTEDUCTILE20102020
177;150;01/01/2014;FONTEDUCTILE;FONTEDUCTILE20102020
178;110;01/01/2013;PVC;PVC19902020
179;100;01/01/2014;FONTEDUCTILE;FONTEDUCTILE20102020
180;110;01/01/2014;PVC;PVC19902020
181;63;01/01/2004;PVC;PVC19902020
182;63;01/01/2008;PVC;PVC19902020
183;63;01/01/2008;PVC;PVC19902020
184;63;01/01/2008;PVC;PVC19902020
185;0;01/01/2011;INCONNU;r
186;100;01/01/2011;FONTEDUCTILE;FONTEDUCTILE20102020
187;0;01/01/2011;PVC;PVC19902020
188;100;01/01/2011;FONTEDUCTILE;FONTEDUCTILE20102020
189;100;01/01/2011;FONTEDUCTILE;FONTEDUCTILE20102020
190;100;01/01/2011;FONTEDUCTILE;FONTEDUCTILE20102020
191;100;01/01/2011;FONTEDUCTILE;FONTEDUCTILE20102020
192;100;01/01/2011;FONTEDUCTILE;FONTEDUCTILE20102020
193;100;01/01/2011;FONTEDUCTILE;FONTEDUCTILE20102020
194;40;01/01/2011;PEHD;PEHD19952020
195;100;01/01/2011;FONTEDUCTILE;FONTEDUCTILE20102020
196;150;01/01/2011;FONTEDUCTILE;FONTEDUCTILE20102020
197;150;01/01/2011;FONTEDUCTILE;FONTEDUCTILE20102020
198;150;01/01/2011;FONTEDUCTILE;FONTEDUCTILE20102020
199;150;01/01/2011;FONTEDUCTILE;FONTEDUCTILE20102020
200;150;01/01/2011;FONTEDUCTILE;FONTEDUCTILE20102020
201;150;01/01/2011;FONTEDUCTILE;FONTEDUCTILE20102020
202;150;01/01/2011;FONTEDUCTILE;FONTEDUCTILE20102020
203;50;01/01/2011;PEHD;PEHD19952020
204;32;01/01/2011;PEHD;PEHD19952020
205;32;01/01/2011;PEHD;PEHD19952020
206;32;01/01/2011;PEHD;PEHD19952020
207;32;01/01/2011;PEHD;PEHD19952020
208;32;01/01/2011;PEHD;PEHD19952020
209;63;01/01/2010;PEHD;PEHD19952020
210;50;01/01/2014;PEHD;PEHD19952020
211;0;01/01/2007;INCONNU;r
212;200;01/01/2007;FONTEDUCTILE;FONTEDUCTILE20002010
213;200;01/01/2007;FONTEDUCTILE;FONTEDUCTILE20002010
214;200;01/01/2007;FONTEDUCTILE;FONTEDUCTILE20002010
215;200;01/01/2007;FONTEDUCTILE;FONTEDUCTILE20002010
216;200;01/01/2007;FONTEDUCTILE;FONTEDUCTILE20002010
217;200;01/01/2007;FONTEDUCTILE;FONTEDUCTILE20002010
218;200;01/01/2007;FONTEDUCTILE;FONTEDUCTILE20002010
219;200;01/01/2007;FONTEDUCTILE;FONTEDUCTILE20002010
220;0;01/01/2007;FONTEDUCTILE;FONTEDUCTILE20002010
221;0;01/01/2007;FONTEDUCTILE;FONTEDUCTILE20002010
222;0;01/01/2007;FONTEDUCTILE;FONTEDUCTILE20002010
223;0;01/01/2007;FONTEDUCTILE;FONTEDUCTILE20002010
224;0;01/01/2007;FONTEDUCTILE;FONTEDUCTILE20002010
225;0;01/01/2007;FONTEDUCTILE;FONTEDUCTILE20002010
226;0;01/01/2007;FONTEDUCTILE;FONTEDUCTILE20002010
227;0;01/01/2007;FONTEDUCTILE;FONTEDUCTILE20002010
228;0;01/01/2007;FONTEDUCTILE;FONTEDUCTILE20002010
229;0;01/01/2007;FONTEDUCTILE;FONTEDUCTILE20002010
230;0;01/01/2007;FONTEDUCTILE;FONTEDUCTILE20002010
231;0;01/01/2007;FONTEDUCTILE;FONTEDUCTILE20002010
232;0;01/01/2007;INCONNU;r
233;200;01/01/2007;FONTEDUCTILE;FONTEDUCTILE20002010
234;200;01/01/2007;FONTEDUCTILE;FONTEDUCTILE20002010
235;200;01/01/2007;FONTEDUCTILE;FONTEDUCTILE20002010
236;200;01/01/2007;FONTEDUCTILE;FONTEDUCTILE20002010
237;200;01/01/2007;FONTEDUCTILE;FONTEDUCTILE20002010
238;200;01/01/2007;FONTEDUCTILE;FONTEDUCTILE20002010
239;200;01/01/2007;FONTEDUCTILE;FONTEDUCTILE20002010
240;200;01/01/2007;FONTEDUCTILE;FONTEDUCTILE20002010
241;200;01/01/2007;FONTEDUCTILE;FONTEDUCTILE20002010
242;200;01/01/2007;FONTEDUCTILE;FONTEDUCTILE20002010
243;200;01/01/2007;FONTEDUCTILE;FONTEDUCTILE20002010
244;200;01/01/2007;FONTEDUCTILE;FONTEDUCTILE20002010
245;200;01/01/2007;FONTEDUCTILE;FONTEDUCTILE20002010
246;200;01/01/2007;FONTEDUCTILE;FONTEDUCTILE20002010
247;200;01/01/2007;FONTEDUCTILE;FONTEDUCTILE20002010
248;200;01/01/2007;FONTEDUCTILE;FONTEDUCTILE20002010
249;200;01/01/2007;FONTEDUCTILE;FONTEDUCTILE20002010
250;200;01/01/2007;FONTEDUCTILE;FONTEDUCTILE20002010
251;200;01/01/2007;FONTEDUCTILE;FONTEDUCTILE20002010
252;200;01/01/2007;FONTEDUCTILE;FONTEDUCTILE20002010
253;200;01/01/2007;FONTEDUCTILE;FONTEDUCTILE20002010
254;200;01/01/2007;FONTEDUCTILE;FONTEDUCTILE20002010
255;200;01/01/2007;FONTEDUCTILE;FONTEDUCTILE20002010
256;200;01/01/2007;FONTEDUCTILE;FONTEDUCTILE20002010
257;200;01/01/2007;FONTEDUCTILE;FONTEDUCTILE20002010
258;200;01/01/2007;FONTEDUCTILE;FONTEDUCTILE20002010
259;200;01/01/2007;FONTEDUCTILE;FONTEDUCTILE20002010
260;200;01/01/2007;FONTEDUCTILE;FONTEDUCTILE20002010
261;200;01/01/2007;FONTEDUCTILE;FONTEDUCTILE20002010
262;200;01/01/2007;FONTEDUCTILE;FONTEDUCTILE20002010
263;200;01/01/2007;FONTEDUCTILE;FONTEDUCTILE20002010
264;200;01/01/2007;FONTEDUCTILE;FONTEDUCTILE20002010
265;200;01/01/2007;FONTEDUCTILE;FONTEDUCTILE20002010
266;200;01/01/2007;FONTEDUCTILE;FONTEDUCTILE20002010
267;200;01/01/2007;FONTEDUCTILE;FONTEDUCTILE20002010
268;200;01/01/2007;FONTEDUCTILE;FONTEDUCTILE20002010
269;200;01/01/2007;FONTEDUCTILE;FONTEDUCTILE20002010
270;200;01/01/2007;FONTEDUCTILE;FONTEDUCTILE20002010
271;200;01/01/2007;FONTEDUCTILE;FONTEDUCTILE20002010
272;200;01/01/2007;FONTEDUCTILE;FONTEDUCTILE20002010
273;200;01/01/2007;FONTEDUCTILE;FONTEDUCTILE20002010
274;200;01/01/2007;FONTEDUCTILE;FONTEDUCTILE20002010
275;200;01/01/2007;FONTEDUCTILE;FONTEDUCTILE20002010
276;200;01/01/2007;FONTEDUCTILE;FONTEDUCTILE20002010
277;200;01/01/2007;FONTEDUCTILE;FONTEDUCTILE20002010
278;200;01/01/2007;FONTEDUCTILE;FONTEDUCTILE20002010
279;200;01/01/2007;FONTEDUCTILE;FONTEDUCTILE20002010
280;200;01/01/2007;FONTEDUCTILE;FONTEDUCTILE20002010
281;200;01/01/2007;FONTEDUCTILE;FONTEDUCTILE20002010
282;200;01/01/2007;FONTEDUCTILE;FONTEDUCTILE20002010
283;200;01/01/2007;FONTEDUCTILE;FONTEDUCTILE20002010
284;200;01/01/2007;FONTEDUCTILE;FONTEDUCTILE20002010
285;200;01/01/2007;FONTEDUCTILE;FONTEDUCTILE20002010
286;200;01/01/2007;FONTEDUCTILE;FONTEDUCTILE20002010
287;40;01/01/2008;PEHD;PEHD19952020
288;63;01/01/2008;PVC;PVC19902020
289;63;01/01/2008;PVC;PVC19902020
290;63;01/01/2008;PVC;PVC19902020
291;63;01/01/2008;PVC;PVC19902020
292;63;01/01/2008;PVC;PVC19902020
293;63;01/01/2010;PVC;PVC19902020
294;75;01/01/2011;PVC;PVC19902020
295;75;01/01/2011;PVC;PVC19902020
296;75;01/01/2011;PVC;PVC19902020
297;75;01/01/2011;PVC;PVC19902020
298;75;01/01/2011;PVC;PVC19902020
299;75;01/01/2011;PVC;PVC19902020
300;75;01/01/2011;PVC;PVC19902020
301;75;01/01/2011;PVC;PVC19902020
302;75;01/01/2011;PVC;PVC19902020
303;75;01/01/2011;PVC;PVC19902020
304;75;01/01/2012;PVC;PVC19902020
305;75;01/01/2012;PVC;PVC19902020
306;75;01/01/2012;PVC;PVC19902020
307;75;01/01/2012;PVC;PVC19902020
308;75;01/01/2012;PVC;PVC19902020
309;75;01/01/2012;PVC;PVC19902020
310;75;01/01/2012;PVC;PVC19902020
311;75;01/01/2012;PVC;PVC19902020
312;75;01/01/2012;PVC;PVC19902020
313;100;01/01/2012;FONTEDUCTILE;FONTEDUCTILE20102020
314;75;01/01/2012;PVC;PVC19902020
315;75;01/01/2012;PVC;PVC19902020
316;75;01/01/2012;PVC;PVC19902020
317;100;01/01/2012;FONTEDUCTILE;FONTEDUCTILE20102020
318;75;01/01/2012;PVC;PVC19902020
319;75;01/01/2012;PVC;PVC19902020
320;100;01/01/2012;FONTEDUCTILE;FONTEDUCTILE20102020
321;110;01/01/2013;FONTEDUCTILE;FONTEDUCTILE20102020
322;110;01/01/2013;FONTEDUCTILE;FONTEDUCTILE20102020
323;110;01/01/2013;FONTEDUCTILE;FONTEDUCTILE20102020
324;110;01/01/2013;FONTEDUCTILE;FONTEDUCTILE20102020
325;63;01/01/2014;PVC;PVC19902020
326;50;01/01/2014;PEHD;PEHD19952020
327;50;01/01/2014;PEHD;PEHD19952020
328;50;01/01/2014;PEHD;PEHD19952020
329;50;01/01/2014;PEHD;PEHD19952020
330;50;01/01/2014;PEHD;PEHD19952020
331;50;01/01/2014;PEHD;PEHD19952020
332;32;01/01/2014;PEHD;PEHD19952020
333;32;01/01/2014;PEHD;PEHD19952020
334;32;01/01/2014;PEHD;PEHD19952020
335;63;01/01/2014;PVC;PVC19902020
336;125;01/01/2016;FONTEDUCTILE;FONTEDUCTILE20102020
337;125;01/01/2016;FONTEDUCTILE;FONTEDUCTILE20102020
338;50;01/01/2016;PVC;PVC19902020
339;0;01/01/2016;INCONNU;r
340;50;01/01/2006;PEHD;PEHD19952020
341;50;01/01/2006;PEHD;PEHD19952020
342;50;01/01/2006;PEHD;PEHD19952020
343;50;01/01/2006;PEHD;PEHD19952020
344;50;01/01/2006;PEHD;PEHD19952020
345;50;01/01/2006;PEHD;PEHD19952020
346;50;01/01/2006;PEHD;PEHD19952020
347;50;01/01/2006;PEHD;PEHD19952020
348;50;01/01/2006;PEHD;PEHD19952020
349;50;01/01/2006;PEHD;PEHD19952020
350;50;01/01/2006;PEHD;PEHD19952020
351;50;01/01/2006;PEHD;PEHD19952020
352;50;01/01/2006;PEHD;PEHD19952020
353;63;01/01/2006;PVC;PVC19902020
354;63;01/01/2006;PVC;PVC19902020
355;50;01/01/2007;PEHD;PEHD19952020
356;50;01/01/2007;PEHD;PEHD19952020
357;125;01/01/2007;FONTEDUCTILE;FONTEDUCTILE20002010
358;125;01/01/2007;FONTEDUCTILE;FONTEDUCTILE20002010
359;125;01/01/2007;FONTEDUCTILE;FONTEDUCTILE20002010
360;125;01/01/2007;FONTEDUCTILE;FONTEDUCTILE20002010
361;100;01/01/2014;FONTEDUCTILE;FONTEDUCTILE20102020
362;100;01/01/2014;FONTEDUCTILE;FONTEDUCTILE20102020
363;100;01/01/2014;FONTEDUCTILE;FONTEDUCTILE20102020
364;100;01/01/2014;FONTEDUCTILE;FONTEDUCTILE20102020
365;100;01/01/2014;FONTEDUCTILE;FONTEDUCTILE20102020
366;100;01/01/2014;FONTEDUCTILE;FONTEDUCTILE20102020
367;100;01/01/2014;FONTEDUCTILE;FONTEDUCTILE20102020
368;100;01/01/2014;FONTEDUCTILE;FONTEDUCTILE20102020
369;40;01/01/2014;PVC;PVC19902020
370;40;01/01/2014;PVC;PVC19902020
371;125;01/01/2016;FONTEDUCTILE;FONTEDUCTILE20102020
372;125;01/01/2016;FONTEDUCTILE;FONTEDUCTILE20102020
373;125;01/01/2016;FONTEDUCTILE;FONTEDUCTILE20102020
374;125;01/01/2016;FONTEDUCTILE;FONTEDUCTILE20102020
375;125;01/01/2016;FONTEDUCTILE;FONTEDUCTILE20102020
376;125;01/01/2016;FONTEDUCTILE;FONTEDUCTILE20102020
377;125;01/01/2016;FONTEDUCTILE;FONTEDUCTILE20102020
378;125;01/01/2016;FONTEDUCTILE;FONTEDUCTILE20102020
379;125;01/01/2016;FONTEDUCTILE;FONTEDUCTILE20102020
380;125;01/01/2016;FONTEDUCTILE;FONTEDUCTILE20102020
381;125;01/01/2016;FONTEDUCTILE;FONTEDUCTILE20102020
382;125;01/01/2016;FONTEDUCTILE;FONTEDUCTILE20102020
383;125;01/01/2016;FONTEDUCTILE;FONTEDUCTILE20102020
384;125;01/01/2016;FONTEDUCTILE;FONTEDUCTILE20102020
385;125;01/01/2016;FONTEDUCTILE;FONTEDUCTILE20102020
386;125;01/01/2016;FONTEDUCTILE;FONTEDUCTILE20102020
387;125;01/01/2016;FONTEDUCTILE;FONTEDUCTILE20102020
388;125;01/01/2016;FONTEDUCTILE;FONTEDUCTILE20102020
389;125;01/01/2016;FONTEDUCTILE;FONTEDUCTILE20102020
390;125;01/01/2016;FONTEDUCTILE;FONTEDUCTILE20102020
391;125;01/01/2016;FONTEDUCTILE;FONTEDUCTILE20102020
392;125;01/01/2016;FONTEDUCTILE;FONTEDUCTILE20102020
393;125;01/01/2016;FONTEDUCTILE;FONTEDUCTILE20102020
394;125;01/01/2016;FONTEDUCTILE;FONTEDUCTILE20102020
395;125;01/01/2016;FONTEDUCTILE;FONTEDUCTILE20102020
396;125;01/01/2016;FONTEDUCTILE;FONTEDUCTILE20102020
397;125;01/01/2016;FONTEDUCTILE;FONTEDUCTILE20102020
398;125;01/01/2016;FONTEDUCTILE;FONTEDUCTILE20102020
399;125;01/01/2016;FONTEDUCTILE;FONTEDUCTILE20102020
400;125;01/01/2016;FONTEDUCTILE;FONTEDUCTILE20102020
401;100;01/01/2008;FONTEDUCTILE;FONTEDUCTILE20002010
402;100;01/01/2008;FONTEDUCTILE;FONTEDUCTILE20002010
403;100;01/01/2008;FONTEDUCTILE;FONTEDUCTILE20002010
404;100;01/01/2008;FONTEDUCTILE;FONTEDUCTILE20002010
405;100;01/01/2008;FONTEDUCTILE;FONTEDUCTILE20002010
406;100;01/01/2008;FONTEDUCTILE;FONTEDUCTILE20002010
407;100;01/01/2008;FONTEDUCTILE;FONTEDUCTILE20002010
408;100;01/01/2008;FONTEDUCTILE;FONTEDUCTILE20002010
409;100;01/01/2008;FONTEDUCTILE;FONTEDUCTILE20002010
410;100;01/01/2008;FONTEDUCTILE;FONTEDUCTILE20002010
411;100;01/01/2008;FONTEDUCTILE;FONTEDUCTILE20002010
412;100;01/01/2008;FONTEDUCTILE;FONTEDUCTILE20002010
413;100;01/01/2008;FONTEDUCTILE;FONTEDUCTILE20002010
414;100;01/01/2008;FONTEDUCTILE;FONTEDUCTILE20002010
415;100;01/01/2008;FONTEDUCTILE;FONTEDUCTILE20002010
416;100;01/01/2008;FONTEDUCTILE;FONTEDUCTILE20002010
417;100;01/01/2008;FONTEDUCTILE;FONTEDUCTILE20002010
418;100;01/01/2008;FONTEDUCTILE;FONTEDUCTILE20002010
419;100;01/01/2008;FONTEDUCTILE;FONTEDUCTILE20002010
420;100;01/01/2008;FONTEDUCTILE;FONTEDUCTILE20002010
421;100;01/01/2014;FONTEDUCTILE;FONTEDUCTILE20102020
422;100;01/01/2014;FONTEDUCTILE;FONTEDUCTILE20102020
423;100;01/01/2014;FONTEDUCTILE;FONTEDUCTILE20102020
424;100;01/01/2014;FONTEDUCTILE;FONTEDUCTILE20102020
425;100;01/01/2014;FONTEDUCTILE;FONTEDUCTILE20102020
426;100;01/01/2014;FONTEDUCTILE;FONTEDUCTILE20102020
427;50;01/01/2008;PEHD;PEHD19952020
428;50;01/01/2008;PEHD;PEHD19952020
429;50;01/01/2008;PEHD;PEHD19952020
430;50;01/01/2008;PEHD;PEHD19952020
431;50;01/01/2008;PEHD;PEHD19952020
432;50;01/01/2008;PEHD;PEHD19952020
433;50;01/01/2008;PEHD;PEHD19952020
434;50;01/01/2008;PEHD;PEHD19952020
435;63;01/01/2010;PVC;PVC19902020
436;50;01/01/2011;PEHD;PEHD19952020
437;50;01/01/2011;PEHD;PEHD19952020
438;50;01/01/2011;PEHD;PEHD19952020
439;50;01/01/2011;PEHD;PEHD19952020
440;50;01/01/2011;PEHD;PEHD19952020
441;50;01/01/2011;PEHD;PEHD19952020
442;40;01/01/2014;PVC;PVC19902020
443;75;01/01/2005;PVC;PVC19902020
444;75;01/01/2005;PVC;PVC19902020
445;75;01/01/2005;PVC;PVC19902020
446;75;01/01/2005;PVC;PVC19902020
447;75;01/01/2007;PVC;PVC19902020
448;75;01/01/2007;PVC;PVC19902020
449;75;01/01/2007;PVC;PVC19902020
450;75;01/01/2005;PVC;PVC19902020
451;75;01/01/2005;PVC;PVC19902020
452;75;01/01/2005;PVC;PVC19902020
453;75;01/01/2005;PVC;PVC19902020
454;75;01/01/2005;PVC;PVC19902020
455;75;01/01/2005;PVC;PVC19902020
456;75;01/01/2007;PVC;PVC19902020
457;75;01/01/2007;PVC;PVC19902020
458;75;01/01/2007;PVC;PVC19902020
459;75;01/01/2007;PVC;PVC19902020
460;75;01/01/2007;PVC;PVC19902020
461;75;01/01/2007;PVC;PVC19902020
462;75;01/01/2007;PVC;PVC19902020
463;75;01/01/2007;PVC;PVC19902020
464;75;01/01/2007;PVC;PVC19902020
465;50;01/01/2005;PEHD;PEHD19952020
466;63;01/01/2010;PVC;PVC19902020
467;60;01/01/2016;PVC;PVC19902020
468;60;01/01/2016;PVC;PVC19902020
469;60;01/01/2016;PVC;PVC19902020
470;60;01/01/2016;PVC;PVC19902020
471;110;01/01/2013;FONTEDUCTILE;FONTEDUCTILE20102020
472;100;01/01/2009;FONTEDUCTILE;FONTEDUCTILE20002010
473;100;01/01/2009;FONTEDUCTILE;FONTEDUCTILE20002010
474;100;01/01/2009;FONTEDUCTILE;FONTEDUCTILE20002010
475;100;01/01/2009;FONTEDUCTILE;FONTEDUCTILE20002010
476;100;01/01/2009;FONTEDUCTILE;FONTEDUCTILE20002010
477;100;01/01/2009;FONTEDUCTILE;FONTEDUCTILE20002010
478;100;01/01/2009;FONTEDUCTILE;FONTEDUCTILE20002010
479;100;01/01/2009;FONTEDUCTILE;FONTEDUCTILE20002010
480;100;01/01/2009;FONTEDUCTILE;FONTEDUCTILE20002010
481;100;01/01/2009;FONTEDUCTILE;FONTEDUCTILE20002010
482;100;01/01/2009;FONTEDUCTILE;FONTEDUCTILE20002010
483;100;01/01/2009;FONTEDUCTILE;FONTEDUCTILE20002010
484;100;01/01/2009;FONTEDUCTILE;FONTEDUCTILE20002010
485;100;01/01/2009;FONTEDUCTILE;FONTEDUCTILE20002010
486;110;01/01/2013;FONTEDUCTILE;FONTEDUCTILE20102020
487;110;01/01/2013;FONTEDUCTILE;FONTEDUCTILE20102020
488;110;01/01/2013;FONTEDUCTILE;FONTEDUCTILE20102020
489;0;01/01/2013;INCONNU;r
490;0;01/01/2009;INCONNU;r
491;100;01/01/2017;FONTEDUCTILE;FONTEDUCTILE20102020
492;50;01/01/2013;PEHD;PEHD19952020
493;200;01/01/2007;FONTEDUCTILE;FONTEDUCTILE20002010
494;200;01/01/2007;FONTEDUCTILE;FONTEDUCTILE20002010
495;200;01/01/2007;FONTEDUCTILE;FONTEDUCTILE20002010
496;200;01/01/2007;FONTEDUCTILE;FONTEDUCTILE20002010
497;200;01/01/2007;FONTEDUCTILE;FONTEDUCTILE20002010
498;200;01/01/2007;FONTEDUCTILE;FONTEDUCTILE20002010
499;200;01/01/2007;FONTEDUCTILE;FONTEDUCTILE20002010
500;200;01/01/2007;FONTEDUCTILE;FONTEDUCTILE20002010
501;160;01/01/2013;FONTEDUCTILE;FONTEDUCTILE20102020
502;200;01/01/2007;FONTEDUCTILE;FONTEDUCTILE20002010
503;40;01/01/2004;PVC;PVC19902020
504;40;01/01/2004;PVC;PVC19902020
505;40;01/01/2004;PVC;PVC19902020
506;75;01/01/2004;PVC;PVC19902020
507;75;01/01/2004;PVC;PVC19902020
508;63;01/01/2004;PVC;PVC19902020
509;63;01/01/2004;PVC;PVC19902020
510;63;01/01/2004;PVC;PVC19902020
511;40;01/01/2006;PEHD;PEHD19952020
512;40;01/01/2007;PVC;PVC19902020
513;63;01/01/2007;PVC;PVC19902020
514;63;01/01/2007;PVC;PVC19902020
515;63;01/01/2007;PVC;PVC19902020
516;63;01/01/2007;PVC;PVC19902020
517;63;01/01/2007;PVC;PVC19902020
518;40;01/01/2008;PEHD;PEHD19952020
519;40;01/01/2008;PEHD;PEHD19952020
520;40;01/01/2008;PEHD;PEHD19952020
521;40;01/01/2008;PEHD;PEHD19952020
522;40;01/01/2008;PEHD;PEHD19952020
523;40;01/01/2008;PEHD;PEHD19952020
524;40;01/01/2008;PEHD;PEHD19952020
525;40;01/01/2008;PEHD;PEHD19952020
526;40;01/01/2008;PEHD;PEHD19952020
527;110;01/01/2010;PVC;PVC19902020
528;125;01/01/2010;PVC;PVC19902020
529;125;01/01/2010;PVC;PVC19902020
530;125;01/01/2010;PVC;PVC19902020
531;75;01/01/2010;PVC;PVC19902020
532;75;01/01/2010;PVC;PVC19902020
533;75;01/01/2010;PVC;PVC19902020
534;75;01/01/2010;PVC;PVC19902020
535;75;01/01/2010;PVC;PVC19902020
536;75;01/01/2010;PVC;PVC19902020
537;75;01/01/2010;PVC;PVC19902020
538;75;01/01/2010;PVC;PVC19902020
539;75;01/01/2010;PVC;PVC19902020
540;40;01/01/2010;PEHD;PEHD19952020
541;40;01/01/2010;PEHD;PEHD19952020
542;40;01/01/2010;PEHD;PEHD19952020
543;40;01/01/2010;PEHD;PEHD19952020
544;40;01/01/2010;PEHD;PEHD19952020
545;40;01/01/2010;PEHD;PEHD19952020
546;110;01/01/2013;FONTEDUCTILE;FONTEDUCTILE20102020
547;110;01/01/2013;FONTEDUCTILE;FONTEDUCTILE20102020
548;150;01/01/2013;FONTEDUCTILE;FONTEDUCTILE20102020
549;100;01/01/2013;FONTEDUCTILE;FONTEDUCTILE20102020
550;50;01/01/2013;PEHD;PEHD19952020
551;50;01/01/2013;PEHD;PEHD19952020
552;40;01/01/2013;PEHD;PEHD19952020
553;110;01/01/2014;PVC;PVC19902020
554;63;01/01/2008;PVC;PVC19902020
555;32;01/01/2011;PEHD;PEHD19952020
556;63;01/01/2004;PVC;PVC19902020
557;63;01/01/2004;PVC;PVC19902020
558;63;01/01/2004;PVC;PVC19902020
559;150;01/01/2011;FONTEDUCTILE;FONTEDUCTILE20102020
560;150;01/01/2011;FONTEDUCTILE;FONTEDUCTILE20102020
561;150;01/01/2011;FONTEDUCTILE;FONTEDUCTILE20102020
562;100;01/01/2011;FONTEDUCTILE;FONTEDUCTILE20102020
563;100;01/01/2011;FONTEDUCTILE;FONTEDUCTILE20102020
564;0;01/01/2011;PVC;PVC19902020
565;150;01/01/2011;FONTEDUCTILE;FONTEDUCTILE20102020
566;100;01/01/2011;FONTEDUCTILE;FONTEDUCTILE20102020
567;100;01/01/2011;FONTEDUCTILE;FONTEDUCTILE20102020
568;100;01/01/2011;FONTEDUCTILE;FONTEDUCTILE20102020
569;100;01/01/2011;FONTEDUCTILE;FONTEDUCTILE20102020
570;100;01/01/2011;FONTEDUCTILE;FONTEDUCTILE20102020
571;100;01/01/2011;FONTEDUCTILE;FONTEDUCTILE20102020
572;100;01/01/2011;FONTEDUCTILE;FONTEDUCTILE20102020
573;100;01/01/2011;FONTEDUCTILE;FONTEDUCTILE20102020
574;100;01/01/2011;FONTEDUCTILE;FONTEDUCTILE20102020
575;100;01/01/2011;FONTEDUCTILE;FONTEDUCTILE20102020
576;150;01/01/2011;FONTEDUCTILE;FONTEDUCTILE20102020
577;150;01/01/2011;FONTEDUCTILE;FONTEDUCTILE20102020
578;150;01/01/2011;FONTEDUCTILE;FONTEDUCTILE20102020
579;150;01/01/2011;FONTEDUCTILE;FONTEDUCTILE20102020
580;150;01/01/2011;FONTEDUCTILE;FONTEDUCTILE20102020
581;150;01/01/2011;FONTEDUCTILE;FONTEDUCTILE20102020
582;150;01/01/2011;FONTEDUCTILE;FONTEDUCTILE20102020
583;150;01/01/2011;FONTEDUCTILE;FONTEDUCTILE20102020
584;100;01/01/2011;FONTEDUCTILE;FONTEDUCTILE20102020
585;50;01/01/2011;PEHD;PEHD19952020
586;100;01/01/2011;FONTEDUCTILE;FONTEDUCTILE20102020
587;100;01/01/2011;FONTEDUCTILE;FONTEDUCTILE20102020
588;100;01/01/2011;FONTEDUCTILE;FONTEDUCTILE20102020
589;100;01/01/2011;FONTEDUCTILE;FONTEDUCTILE20102020
590;40;01/01/2011;PEHD;PEHD19952020
591;40;01/01/2011;PEHD;PEHD19952020
592;40;01/01/2011;PEHD;PEHD19952020
593;40;01/01/2011;PEHD;PEHD19952020
594;63;01/01/2010;PEHD;PEHD19952020
595;63;01/01/2010;PEHD;PEHD19952020
596;63;01/01/2010;PEHD;PEHD19952020
597;63;01/01/2010;PEHD;PEHD19952020
598;63;01/01/2010;PEHD;PEHD19952020
599;63;01/01/2010;PEHD;PEHD19952020
600;63;01/01/2010;PEHD;PEHD19952020
601;63;01/01/2010;PEHD;PEHD19952020
602;63;01/01/2010;PEHD;PEHD19952020
603;63;01/01/2010;PEHD;PEHD19952020
604;63;01/01/2010;PEHD;PEHD19952020
605;63;01/01/2010;PEHD;PEHD19952020
606;63;01/01/2010;PEHD;PEHD19952020
607;63;01/01/2010;PEHD;PEHD19952020
608;63;01/01/2010;PEHD;PEHD19952020
609;63;01/01/2010;PEHD;PEHD19952020
610;63;01/01/2010;PEHD;PEHD19952020
611;50;01/01/2014;PEHD;PEHD19952020
612;50;01/01/2014;PEHD;PEHD19952020
613;50;01/01/2014;PEHD;PEHD19952020
614;50;01/01/2014;PEHD;PEHD19952020
615;50;01/01/2014;PEHD;PEHD19952020
616;200;01/01/2007;FONTEDUCTILE;FONTEDUCTILE20002010
617;200;01/01/2007;FONTEDUCTILE;FONTEDUCTILE20002010
618;200;01/01/2007;FONTEDUCTILE;FONTEDUCTILE20002010
619;200;01/01/2007;FONTEDUCTILE;FONTEDUCTILE20002010
620;200;01/01/2007;FONTEDUCTILE;FONTEDUCTILE20002010
621;200;01/01/2007;FONTEDUCTILE;FONTEDUCTILE20002010
622;200;01/01/2007;FONTEDUCTILE;FONTEDUCTILE20002010
623;200;01/01/2007;FONTEDUCTILE;FONTEDUCTILE20002010
624;200;01/01/2007;FONTEDUCTILE;FONTEDUCTILE20002010
625;200;01/01/2007;FONTEDUCTILE;FONTEDUCTILE20002010
626;200;01/01/2007;FONTEDUCTILE;FONTEDUCTILE20002010
627;200;01/01/2007;FONTEDUCTILE;FONTEDUCTILE20002010
628;200;01/01/2007;FONTEDUCTILE;FONTEDUCTILE20002010
629;200;01/01/2007;FONTEDUCTILE;FONTEDUCTILE20002010
630;200;01/01/2007;FONTEDUCTILE;FONTEDUCTILE20002010
631;200;01/01/2007;FONTEDUCTILE;FONTEDUCTILE20002010
632;200;01/01/2007;FONTEDUCTILE;FONTEDUCTILE20002010
633;200;01/01/2007;FONTEDUCTILE;FONTEDUCTILE20002010
634;200;01/01/2007;FONTEDUCTILE;FONTEDUCTILE20002010
635;200;01/01/2007;FONTEDUCTILE;FONTEDUCTILE20002010
636;200;01/01/2007;FONTEDUCTILE;FONTEDUCTILE20002010
637;200;01/01/2007;FONTEDUCTILE;FONTEDUCTILE20002010
638;200;01/01/2007;FONTEDUCTILE;FONTEDUCTILE20002010
639;200;01/01/2007;FONTEDUCTILE;FONTEDUCTILE20002010
640;200;01/01/2007;FONTEDUCTILE;FONTEDUCTILE20002010
641;200;01/01/2007;FONTEDUCTILE;FONTEDUCTILE20002010
642;200;01/01/2007;FONTEDUCTILE;FONTEDUCTILE20002010
643;200;01/01/2007;FONTEDUCTILE;FONTEDUCTILE20002010
644;200;01/01/2007;FONTEDUCTILE;FONTEDUCTILE20002010
645;200;01/01/2007;FONTEDUCTILE;FONTEDUCTILE20002010
646;200;01/01/2007;FONTEDUCTILE;FONTEDUCTILE20002010
647;200;01/01/2007;FONTEDUCTILE;FONTEDUCTILE20002010
648;200;01/01/2007;FONTEDUCTILE;FONTEDUCTILE20002010
649;200;01/01/2007;FONTEDUCTILE;FONTEDUCTILE20002010
650;200;01/01/2007;FONTEDUCTILE;FONTEDUCTILE20002010
651;200;01/01/2007;FONTEDUCTILE;FONTEDUCTILE20002010
652;200;01/01/2007;FONTEDUCTILE;FONTEDUCTILE20002010
653;200;01/01/2007;FONTEDUCTILE;FONTEDUCTILE20002010
654;0;01/01/2007;FONTEDUCTILE;FONTEDUCTILE20002010
655;200;01/01/2007;FONTEDUCTILE;FONTEDUCTILE20002010
656;200;01/01/2007;FONTEDUCTILE;FONTEDUCTILE20002010
657;200;01/01/2007;FONTEDUCTILE;FONTEDUCTILE20002010
658;200;01/01/2007;FONTEDUCTILE;FONTEDUCTILE20002010
659;200;01/01/2007;FONTEDUCTILE;FONTEDUCTILE20002010
660;200;01/01/2007;FONTEDUCTILE;FONTEDUCTILE20002010
661;40;01/01/2008;PEHD;PEHD19952020
662;63;01/01/2008;PVC;PVC19902020
663;63;01/01/2008;PVC;PVC19902020
664;63;01/01/2008;PVC;PVC19902020
665;63;01/01/2008;PVC;PVC19902020
666;63;01/01/2008;PVC;PVC19902020
667;63;01/01/2008;PVC;PVC19902020
668;63;01/01/2008;PVC;PVC19902020
669;63;01/01/2008;PVC;PVC19902020
670;63;01/01/2010;PVC;PVC19902020
671;63;01/01/2010;PVC;PVC19902020
672;63;01/01/2010;PVC;PVC19902020
673;63;01/01/2010;PVC;PVC19902020
674;63;01/01/2010;PVC;PVC19902020
675;63;01/01/2010;PVC;PVC19902020
676;63;01/01/2010;PVC;PVC19902020
677;63;01/01/2010;PVC;PVC19902020
678;63;01/01/2010;PVC;PVC19902020
679;63;01/01/2010;PVC;PVC19902020
680;75;01/01/2011;PVC;PVC19902020
681;75;01/01/2011;PVC;PVC19902020
682;75;01/01/2011;PVC;PVC19902020
683;75;01/01/2011;PVC;PVC19902020
684;75;01/01/2011;PVC;PVC19902020
685;75;01/01/2011;PVC;PVC19902020
686;75;01/01/2011;PVC;PVC19902020
687;75;01/01/2012;PVC;PVC19902020
688;75;01/01/2012;PVC;PVC19902020
689;75;01/01/2012;PVC;PVC19902020
690;75;01/01/2012;PVC;PVC19902020
691;100;01/01/2012;FONTEDUCTILE;FONTEDUCTILE20102020
692;75;01/01/2012;PVC;PVC19902020
693;75;01/01/2012;PVC;PVC19902020
694;75;01/01/2012;PVC;PVC19902020
695;75;01/01/2012;PVC;PVC19902020
696;75;01/01/2012;PVC;PVC19902020
697;100;01/01/2012;FONTEDUCTILE;FONTEDUCTILE20102020
698;100;01/01/2012;FONTEDUCTILE;FONTEDUCTILE20102020
699;100;01/01/2012;FONTEDUCTILE;FONTEDUCTILE20102020
700;100;01/01/2012;FONTEDUCTILE;FONTEDUCTILE20102020
701;100;01/01/2012;FONTEDUCTILE;FONTEDUCTILE20102020
702;100;01/01/2012;FONTEDUCTILE;FONTEDUCTILE20102020
703;100;01/01/2012;FONTEDUCTILE;FONTEDUCTILE20102020
704;100;01/01/2012;FONTEDUCTILE;FONTEDUCTILE20102020
705;100;01/01/2012;FONTEDUCTILE;FONTEDUCTILE20102020
706;100;01/01/2012;FONTEDUCTILE;FONTEDUCTILE20102020
707;110;01/01/2013;FONTEDUCTILE;FONTEDUCTILE20102020
708;63;01/01/2014;PVC;PVC19902020
709;63;01/01/2014;PVC;PVC19902020
710;50;01/01/2014;PEHD;PEHD19952020
711;63;01/01/2014;PVC;PVC19902020
712;125;01/01/2016;FONTEDUCTILE;FONTEDUCTILE20102020
713;125;01/01/2016;FONTEDUCTILE;FONTEDUCTILE20102020
714;125;01/01/2016;FONTEDUCTILE;FONTEDUCTILE20102020
715;100;01/01/2014;FONTEDUCTILE;FONTEDUCTILE20102020
716;100;01/01/2014;FONTEDUCTILE;FONTEDUCTILE20102020
717;100;01/01/2014;FONTEDUCTILE;FONTEDUCTILE20102020
718;100;01/01/2014;FONTEDUCTILE;FONTEDUCTILE20102020
719;100;01/01/2014;FONTEDUCTILE;FONTEDUCTILE20102020
720;100;01/01/2014;FONTEDUCTILE;FONTEDUCTILE20102020
721;100;01/01/2014;FONTEDUCTILE;FONTEDUCTILE20102020
722;125;01/01/2016;FONTEDUCTILE;FONTEDUCTILE20102020
723;125;01/01/2016;FONTEDUCTILE;FONTEDUCTILE20102020
724;125;01/01/2016;FONTEDUCTILE;FONTEDUCTILE20102020
725;100;01/01/2014;FONTEDUCTILE;FONTEDUCTILE20102020
726;100;01/01/2014;FONTEDUCTILE;FONTEDUCTILE20102020
727;100;01/01/2014;FONTEDUCTILE;FONTEDUCTILE20102020
728;100;01/01/2014;FONTEDUCTILE;FONTEDUCTILE20102020
729;100;01/01/2014;FONTEDUCTILE;FONTEDUCTILE20102020
730;100;01/01/2014;FONTEDUCTILE;FONTEDUCTILE20102020
731;100;01/01/2014;FONTEDUCTILE;FONTEDUCTILE20102020
732;100;01/01/2014;FONTEDUCTILE;FONTEDUCTILE20102020
733;100;01/01/2014;FONTEDUCTILE;FONTEDUCTILE20102020
734;100;01/01/2014;FONTEDUCTILE;FONTEDUCTILE20102020
735;100;01/01/2014;FONTEDUCTILE;FONTEDUCTILE20102020
736;100;01/01/2014;FONTEDUCTILE;FONTEDUCTILE20102020
737;100;01/01/2014;FONTEDUCTILE;FONTEDUCTILE20102020
738;100;01/01/2014;FONTEDUCTILE;FONTEDUCTILE20102020
739;100;01/01/2014;FONTEDUCTILE;FONTEDUCTILE20102020
740;100;01/01/2014;FONTEDUCTILE;FONTEDUCTILE20102020
741;100;01/01/2014;FONTEDUCTILE;FONTEDUCTILE20102020
742;100;01/01/2014;FONTEDUCTILE;FONTEDUCTILE20102020
743;100;01/01/2014;FONTEDUCTILE;FONTEDUCTILE20102020
744;100;01/01/2014;FONTEDUCTILE;FONTEDUCTILE20102020
745;100;01/01/2014;FONTEDUCTILE;FONTEDUCTILE20102020
746;100;01/01/2014;FONTEDUCTILE;FONTEDUCTILE20102020
747;100;01/01/2014;FONTEDUCTILE;FONTEDUCTILE20102020
748;100;01/01/2014;FONTEDUCTILE;FONTEDUCTILE20102020
749;100;01/01/2014;FONTEDUCTILE;FONTEDUCTILE20102020
750;100;01/01/2014;FONTEDUCTILE;FONTEDUCTILE20102020
751;100;01/01/2014;FONTEDUCTILE;FONTEDUCTILE20102020
752;100;01/01/2014;FONTEDUCTILE;FONTEDUCTILE20102020
753;100;01/01/2014;FONTEDUCTILE;FONTEDUCTILE20102020
754;100;01/01/2014;FONTEDUCTILE;FONTEDUCTILE20102020
755;100;01/01/2014;FONTEDUCTILE;FONTEDUCTILE20102020
756;100;01/01/2014;FONTEDUCTILE;FONTEDUCTILE20102020
757;100;01/01/2014;FONTEDUCTILE;FONTEDUCTILE20102020
758;100;01/01/2014;FONTEDUCTILE;FONTEDUCTILE20102020
759;100;01/01/2014;FONTEDUCTILE;FONTEDUCTILE20102020
760;100;01/01/2014;FONTEDUCTILE;FONTEDUCTILE20102020
761;100;01/01/2014;FONTEDUCTILE;FONTEDUCTILE20102020
762;100;01/01/2014;FONTEDUCTILE;FONTEDUCTILE20102020
763;125;01/01/2016;FONTEDUCTILE;FONTEDUCTILE20102020
764;50;01/01/2016;PVC;PVC19902020
765;50;01/01/2016;PVC;PVC19902020
766;50;01/01/2016;PVC;PVC19902020
767;50;01/01/2016;PVC;PVC19902020
768;50;01/01/2016;PVC;PVC19902020
769;50;01/01/2016;PVC;PVC19902020
770;50;01/01/2016;PVC;PVC19902020
771;50;01/01/2016;PVC;PVC19902020
772;50;01/01/2016;PVC;PVC19902020
773;100;01/01/2014;FONTEDUCTILE;FONTEDUCTILE20102020
774;50;01/01/2006;PEHD;PEHD19952020
775;50;01/01/2006;PEHD;PEHD19952020
776;50;01/01/2006;PEHD;PEHD19952020
777;50;01/01/2006;PEHD;PEHD19952020
778;50;01/01/2006;PEHD;PEHD19952020
779;50;01/01/2006;PEHD;PEHD19952020
780;50;01/01/2006;PEHD;PEHD19952020
781;50;01/01/2006;PEHD;PEHD19952020
782;50;01/01/2006;PEHD;PEHD19952020
783;63;01/01/2006;PVC;PVC19902020
784;63;01/01/2006;PVC;PVC19902020
785;63;01/01/2006;PVC;PVC19902020
786;63;01/01/2006;PVC;PVC19902020
787;63;01/01/2006;PVC;PVC19902020
788;63;01/01/2006;PVC;PVC19902020
789;63;01/01/2006;PVC;PVC19902020
790;63;01/01/2006;PVC;PVC19902020
791;50;01/01/2007;PEHD;PEHD19952020
792;50;01/01/2007;PEHD;PEHD19952020
793;125;01/01/2016;FONTEDUCTILE;FONTEDUCTILE20102020
794;0;01/01/2016;INCONNU;r
795;100;01/01/2008;FONTEDUCTILE;FONTEDUCTILE20002010
796;100;01/01/2008;FONTEDUCTILE;FONTEDUCTILE20002010
797;100;01/01/2008;FONTEDUCTILE;FONTEDUCTILE20002010
798;100;01/01/2008;FONTEDUCTILE;FONTEDUCTILE20002010
799;100;01/01/2008;FONTEDUCTILE;FONTEDUCTILE20002010
800;100;01/01/2008;FONTEDUCTILE;FONTEDUCTILE20002010
801;100;01/01/2008;FONTEDUCTILE;FONTEDUCTILE20002010
802;100;01/01/2008;FONTEDUCTILE;FONTEDUCTILE20002010
803;63;01/01/2010;PVC;PVC19902020
804;63;01/01/2010;PVC;PVC19902020
805;63;01/01/2010;PVC;PVC19902020
806;63;01/01/2010;PVC;PVC19902020
807;63;01/01/2010;PVC;PVC19902020
808;63;01/01/2010;PVC;PVC19902020
809;63;01/01/2010;PVC;PVC19902020
810;63;01/01/2010;PVC;PVC19902020
811;63;01/01/2010;PVC;PVC19902020
812;50;01/01/2005;PEHD;PEHD19952020
813;50;01/01/2005;PEHD;PEHD19952020
814;50;01/01/2005;PEHD;PEHD19952020
815;75;01/01/2005;PVC;PVC19902020
816;75;01/01/2005;PVC;PVC19902020
817;75;01/01/2007;PVC;PVC19902020
818;75;01/01/2007;PVC;PVC19902020
819;75;01/01/2007;PVC;PVC19902020
820;75;01/01/2007;PVC;PVC19902020
821;75;01/01/2007;PVC;PVC19902020
822;75;01/01/2007;PVC;PVC19902020
823;75;01/01/2007;PVC;PVC19902020
824;75;01/01/2007;PVC;PVC19902020
825;75;01/01/2007;PVC;PVC19902020
826;75;01/01/2007;PVC;PVC19902020
827;75;01/01/2007;PVC;PVC19902020
828;75;01/01/2007;PVC;PVC19902020
829;75;01/01/2007;PVC;PVC19902020
830;75;01/01/2007;PVC;PVC19902020
831;63;01/01/2010;PVC;PVC19902020
832;50;01/01/2016;PVC;PVC19902020
833;100;01/01/2014;FONTEDUCTILE;FONTEDUCTILE20102020
834;100;01/01/2014;FONTEDUCTILE;FONTEDUCTILE20102020
835;100;01/01/2014;FONTEDUCTILE;FONTEDUCTILE20102020
836;100;01/01/2014;FONTEDUCTILE;FONTEDUCTILE20102020
837;100;01/01/2014;FONTEDUCTILE;FONTEDUCTILE20102020
838;100;01/01/2014;FONTEDUCTILE;FONTEDUCTILE20102020
839;100;01/01/2014;FONTEDUCTILE;FONTEDUCTILE20102020
840;100;01/01/2014;FONTEDUCTILE;FONTEDUCTILE20102020
841;100;01/01/2014;FONTEDUCTILE;FONTEDUCTILE20102020
842;100;01/01/2014;FONTEDUCTILE;FONTEDUCTILE20102020
843;100;01/01/2014;FONTEDUCTILE;FONTEDUCTILE20102020
844;100;01/01/2014;FONTEDUCTILE;FONTEDUCTILE20102020
845;100;01/01/2014;FONTEDUCTILE;FONTEDUCTILE20102020
846;100;01/01/2014;FONTEDUCTILE;FONTEDUCTILE20102020
847;100;01/01/2014;FONTEDUCTILE;FONTEDUCTILE20102020
848;100;01/01/2014;FONTEDUCTILE;FONTEDUCTILE20102020
849;100;01/01/2014;FONTEDUCTILE;FONTEDUCTILE20102020
850;100;01/01/2014;FONTEDUCTILE;FONTEDUCTILE20102020
851;100;01/01/2014;FONTEDUCTILE;FONTEDUCTILE20102020
852;100;01/01/2014;FONTEDUCTILE;FONTEDUCTILE20102020
853;100;01/01/2014;FONTEDUCTILE;FONTEDUCTILE20102020
854;63;01/01/2006;PVC;PVC19902020
855;63;01/01/2006;PVC;PVC19902020
856;63;01/01/2006;PVC;PVC19902020
857;63;01/01/2006;PVC;PVC19902020
858;63;01/01/2006;PVC;PVC19902020
859;63;01/01/2006;PVC;PVC19902020
860;63;01/01/2006;PVC;PVC19902020
861;63;01/01/2006;PVC;PVC19902020
862;50;01/01/2007;PEHD;PEHD19952020
863;50;01/01/2007;PEHD;PEHD19952020
864;50;01/01/2007;PEHD;PEHD19952020
865;50;01/01/2007;PEHD;PEHD19952020
866;50;01/01/2007;PEHD;PEHD19952020
867;50;01/01/2007;PEHD;PEHD19952020
868;50;01/01/2007;PEHD;PEHD19952020
869;50;01/01/2007;PEHD;PEHD19952020
870;50;01/01/2007;PEHD;PEHD19952020
871;50;01/01/2007;PEHD;PEHD19952020
872;50;01/01/2007;PEHD;PEHD19952020
873;50;01/01/2007;PEHD;PEHD19952020
874;50;01/01/2007;PEHD;PEHD19952020
875;50;01/01/2007;PEHD;PEHD19952020
876;50;01/01/2007;PEHD;PEHD19952020
877;50;01/01/2007;PEHD;PEHD19952020
878;50;01/01/2007;PEHD;PEHD19952020
879;50;01/01/2007;PEHD;PEHD19952020
880;50;01/01/2007;PEHD;PEHD19952020
881;50;01/01/2007;PEHD;PEHD19952020
882;50;01/01/2007;PEHD;PEHD19952020
883;50;01/01/2007;PEHD;PEHD19952020
884;50;01/01/2007;PEHD;PEHD19952020
885;50;01/01/2007;PEHD;PEHD19952020
886;50;01/01/2007;PEHD;PEHD19952020
887;50;01/01/2007;PEHD;PEHD19952020
888;50;01/01/2007;PEHD;PEHD19952020
889;50;01/01/2007;PEHD;PEHD19952020
890;50;01/01/2007;PEHD;PEHD19952020
891;50;01/01/2007;PEHD;PEHD19952020
892;50;01/01/2007;PEHD;PEHD19952020
893;50;01/01/2007;PEHD;PEHD19952020
894;50;01/01/2007;PEHD;PEHD19952020
895;50;01/01/2007;PEHD;PEHD19952020
896;50;01/01/2007;PEHD;PEHD19952020
897;50;01/01/2007;PEHD;PEHD19952020
898;125;01/01/2007;FONTEDUCTILE;FONTEDUCTILE20002010
899;125;01/01/2007;FONTEDUCTILE;FONTEDUCTILE20002010
900;125;01/01/2007;FONTEDUCTILE;FONTEDUCTILE20002010
901;125;01/01/2007;FONTEDUCTILE;FONTEDUCTILE20002010
902;125;01/01/2007;FONTEDUCTILE;FONTEDUCTILE20002010
903;125;01/01/2007;FONTEDUCTILE;FONTEDUCTILE20002010
904;50;01/01/2008;PEHD;PEHD19952020
905;63;01/01/2010;PVC;PVC19902020
906;40;01/01/2014;PVC;PVC19902020
907;40;01/01/2014;PVC;PVC19902020
908;40;01/01/2014;PVC;PVC19902020
909;40;01/01/2014;PVC;PVC19902020
910;40;01/01/2014;PVC;PVC19902020
911;40;01/01/2014;PVC;PVC19902020
912;40;01/01/2014;PVC;PVC19902020
913;60;01/01/2016;PVC;PVC19902020
914;60;01/01/2016;PVC;PVC19902020
915;60;01/01/2016;PVC;PVC19902020
916;60;01/01/2016;PVC;PVC19902020
917;60;01/01/2016;PVC;PVC19902020
918;60;01/01/2016;PVC;PVC19902020
919;60;01/01/2016;PVC;PVC19902020
920;60;01/01/2016;PVC;PVC19902020
921;60;01/01/2016;PVC;PVC19902020
922;60;01/01/2016;PVC;PVC19902020
923;60;01/01/2016;PVC;PVC19902020
924;60;01/01/2016;PVC;PVC19902020
925;60;01/01/2016;PVC;PVC19902020
926;50;01/01/2007;PEHD;PEHD19952020
927;100;01/01/2009;FONTEDUCTILE;FONTEDUCTILE20002010
928;100;01/01/2009;FONTEDUCTILE;FONTEDUCTILE20002010
929;100;01/01/2009;FONTEDUCTILE;FONTEDUCTILE20002010
930;100;01/01/2009;FONTEDUCTILE;FONTEDUCTILE20002010
931;100;01/01/2009;FONTEDUCTILE;FONTEDUCTILE20002010
932;100;01/01/2009;FONTEDUCTILE;FONTEDUCTILE20002010
933;100;01/01/2009;FONTEDUCTILE;FONTEDUCTILE20002010
934;100;01/01/2009;FONTEDUCTILE;FONTEDUCTILE20002010
935;100;01/01/2009;FONTEDUCTILE;FONTEDUCTILE20002010
936;100;01/01/2009;FONTEDUCTILE;FONTEDUCTILE20002010
937;100;01/01/2009;FONTEDUCTILE;FONTEDUCTILE20002010
938;100;01/01/2009;FONTEDUCTILE;FONTEDUCTILE20002010
939;100;01/01/2009;FONTEDUCTILE;FONTEDUCTILE20002010
940;100;01/01/2009;FONTEDUCTILE;FONTEDUCTILE20002010
941;50;01/01/2009;PEHD;PEHD19952020
942;50;01/01/2009;PEHD;PEHD19952020
943;50;01/01/2009;PEHD;PEHD19952020
944;50;01/01/2009;PEHD;PEHD19952020
945;63;01/01/2013;PVC;PVC19902020
946;63;01/01/2013;PVC;PVC19902020
947;63;01/01/2013;PVC;PVC19902020
948;110;01/01/2013;FONTEDUCTILE;FONTEDUCTILE20102020
949;110;01/01/2013;FONTEDUCTILE;FONTEDUCTILE20102020
950;110;01/01/2013;FONTEDUCTILE;FONTEDUCTILE20102020
951;110;01/01/2013;FONTEDUCTILE;FONTEDUCTILE20102020
952;110;01/01/2013;FONTEDUCTILE;FONTEDUCTILE20102020
953;110;01/01/2013;FONTEDUCTILE;FONTEDUCTILE20102020
954;110;01/01/2013;FONTEDUCTILE;FONTEDUCTILE20102020
955;110;01/01/2013;FONTEDUCTILE;FONTEDUCTILE20102020
956;110;01/01/2013;FONTEDUCTILE;FONTEDUCTILE20102020
957;110;01/01/2013;FONTEDUCTILE;FONTEDUCTILE20102020
958;110;01/01/2013;FONTEDUCTILE;FONTEDUCTILE20102020
959;110;01/01/2013;FONTEDUCTILE;FONTEDUCTILE20102020
960;110;01/01/2013;FONTEDUCTILE;FONTEDUCTILE20102020
961;110;01/01/2013;FONTEDUCTILE;FONTEDUCTILE20102020
962;110;01/01/2013;FONTEDUCTILE;FONTEDUCTILE20102020
963;110;01/01/2013;FONTEDUCTILE;FONTEDUCTILE20102020
964;110;01/01/2013;FONTEDUCTILE;FONTEDUCTILE20102020
965;110;01/01/2013;FONTEDUCTILE;FONTEDUCTILE20102020
966;110;01/01/2013;FONTEDUCTILE;FONTEDUCTILE20102020
967;110;01/01/2013;FONTEDUCTILE;FONTEDUCTILE20102020
968;110;01/01/2013;FONTEDUCTILE;FONTEDUCTILE20102020
969;110;01/01/2013;FONTEDUCTILE;FONTEDUCTILE20102020
970;110;01/01/2013;FONTEDUCTILE;FONTEDUCTILE20102020
971;110;01/01/2013;FONTEDUCTILE;FONTEDUCTILE20102020
972;110;01/01/2013;FONTEDUCTILE;FONTEDUCTILE20102020
973;110;01/01/2013;FONTEDUCTILE;FONTEDUCTILE20102020
974;110;01/01/2013;FONTEDUCTILE;FONTEDUCTILE20102020
975;110;01/01/2013;FONTEDUCTILE;FONTEDUCTILE20102020
976;110;01/01/2013;FONTEDUCTILE;FONTEDUCTILE20102020
977;110;01/01/2013;FONTEDUCTILE;FONTEDUCTILE20102020
978;110;01/01/2013;FONTEDUCTILE;FONTEDUCTILE20102020
979;110;01/01/2013;FONTEDUCTILE;FONTEDUCTILE20102020
980;110;01/01/2013;FONTEDUCTILE;FONTEDUCTILE20102020
981;110;01/01/2013;FONTEDUCTILE;FONTEDUCTILE20102020
982;110;01/01/2013;FONTEDUCTILE;FONTEDUCTILE20102020
983;110;01/01/2013;FONTEDUCTILE;FONTEDUCTILE20102020
984;110;01/01/2013;FONTEDUCTILE;FONTEDUCTILE20102020
985;110;01/01/2013;FONTEDUCTILE;FONTEDUCTILE20102020
986;100;01/01/2009;FONTEDUCTILE;FONTEDUCTILE20002010
987;100;01/01/2009;FONTEDUCTILE;FONTEDUCTILE20002010
988;100;01/01/2009;FONTEDUCTILE;FONTEDUCTILE20002010
989;63;01/01/2009;PEHD;PEHD19952020
990;63;01/01/2009;PEHD;PEHD19952020
991;63;01/01/2009;PEHD;PEHD19952020
992;63;01/01/2009;PEHD;PEHD19952020
993;63;01/01/2009;PEHD;PEHD19952020
994;63;01/01/2009;PEHD;PEHD19952020
995;63;01/01/2009;PEHD;PEHD19952020
996;75;01/01/2011;PVC;PVC19902020
997;75;01/01/2011;PVC;PVC19902020
998;75;01/01/2011;PVC;PVC19902020
999;75;01/01/2011;PVC;PVC19902020
1000;75;01/01/2011;PVC;PVC19902020
1001;75;01/01/2011;PVC;PVC19902020
1002;75;01/01/2011;PVC;PVC19902020
1003;0;01/01/2007;INCONNU;r
1004;110;01/01/2013;FONTEDUCTILE;FONTEDUCTILE20102020
1005;110;01/01/2013;FONTEDUCTILE;FONTEDUCTILE20102020
1006;200;01/01/2007;FONTEDUCTILE;FONTEDUCTILE20002010
1007;200;01/01/2007;FONTEDUCTILE;FONTEDUCTILE20002010
1008;200;01/01/2007;FONTEDUCTILE;FONTEDUCTILE20002010
1009;200;01/01/2007;FONTEDUCTILE;FONTEDUCTILE20002010
1010;200;01/01/2007;FONTEDUCTILE;FONTEDUCTILE20002010
1011;200;01/01/2007;FONTEDUCTILE;FONTEDUCTILE20002010
1012;200;01/01/2007;FONTEDUCTILE;FONTEDUCTILE20002010
1013;200;01/01/2007;FONTEDUCTILE;FONTEDUCTILE20002010
1014;200;01/01/2007;FONTEDUCTILE;FONTEDUCTILE20002010
1015;200;01/01/2007;FONTEDUCTILE;FONTEDUCTILE20002010
1016;200;01/01/2007;FONTEDUCTILE;FONTEDUCTILE20002010
1017;200;01/01/2007;FONTEDUCTILE;FONTEDUCTILE20002010
1018;200;01/01/2007;FONTEDUCTILE;FONTEDUCTILE20002010
1019;200;01/01/2007;FONTEDUCTILE;FONTEDUCTILE20002010
1020;200;01/01/2007;FONTEDUCTILE;FONTEDUCTILE20002010
1021;200;01/01/2007;FONTEDUCTILE;FONTEDUCTILE20002010
1022;200;01/01/2007;FONTEDUCTILE;FONTEDUCTILE20002010
1023;200;01/01/2007;FONTEDUCTILE;FONTEDUCTILE20002010
1024;200;01/01/2007;FONTEDUCTILE;FONTEDUCTILE20002010
1025;200;01/01/2007;FONTEDUCTILE;FONTEDUCTILE20002010
1026;200;01/01/2007;FONTEDUCTILE;FONTEDUCTILE20002010
1027;200;01/01/2007;FONTEDUCTILE;FONTEDUCTILE20002010
1028;200;01/01/2007;FONTEDUCTILE;FONTEDUCTILE20002010
1029;200;01/01/2007;FONTEDUCTILE;FONTEDUCTILE20002010
1030;200;01/01/2007;FONTEDUCTILE;FONTEDUCTILE20002010
1031;200;01/01/2007;FONTEDUCTILE;FONTEDUCTILE20002010
1032;200;01/01/2007;FONTEDUCTILE;FONTEDUCTILE20002010
1033;200;01/01/2007;FONTEDUCTILE;FONTEDUCTILE20002010
1034;200;01/01/2007;FONTEDUCTILE;FONTEDUCTILE20002010
1035;200;01/01/2007;FONTEDUCTILE;FONTEDUCTILE20002010
1036;200;01/01/2007;FONTEDUCTILE;FONTEDUCTILE20002010
1037;200;01/01/2007;FONTEDUCTILE;FONTEDUCTILE20002010
1038;200;01/01/2007;FONTEDUCTILE;FONTEDUCTILE20002010
1039;110;01/01/2013;FONTEDUCTILE;FONTEDUCTILE20102020
1040;110;01/01/2013;FONTEDUCTILE;FONTEDUCTILE20102020
1041;110;01/01/2013;FONTEDUCTILE;FONTEDUCTILE20102020
1042;110;01/01/2013;FONTEDUCTILE;FONTEDUCTILE20102020
1043;110;01/01/2013;FONTEDUCTILE;FONTEDUCTILE20102020
1044;110;01/01/2013;FONTEDUCTILE;FONTEDUCTILE20102020
1045;110;01/01/2013;FONTEDUCTILE;FONTEDUCTILE20102020
1046;110;01/01/2013;FONTEDUCTILE;FONTEDUCTILE20102020
1047;110;01/01/2013;FONTEDUCTILE;FONTEDUCTILE20102020
1048;110;01/01/2013;FONTEDUCTILE;FONTEDUCTILE20102020
1049;110;01/01/2013;FONTEDUCTILE;FONTEDUCTILE20102020
1050;110;01/01/2013;FONTEDUCTILE;FONTEDUCTILE20102020
1051;63;01/01/2008;PVC;PVC19902020
1052;63;01/01/2008;PVC;PVC19902020
1053;63;01/01/2008;PVC;PVC19902020
1054;63;01/01/2008;PVC;PVC19902020
1055;63;01/01/2008;PVC;PVC19902020
1056;63;01/01/2008;PVC;PVC19902020
1057;63;01/01/2008;PVC;PVC19902020
1058;63;01/01/2008;PVC;PVC19902020
1059;63;01/01/2008;PVC;PVC19902020
1060;110;01/01/2013;FONTEDUCTILE;FONTEDUCTILE20102020
1061;110;01/01/2013;FONTEDUCTILE;FONTEDUCTILE20102020
1062;63;01/01/2014;PVC;PVC19902020
1063;63;01/01/2014;PVC;PVC19902020
1064;63;01/01/2014;PVC;PVC19902020
1065;50;01/01/2014;PEHD;PEHD19952020
1066;50;01/01/2014;PEHD;PEHD19952020
1067;63;01/01/2014;PVC;PVC19902020
1068;63;01/01/2014;PVC;PVC19902020
1069;63;01/01/2014;PVC;PVC19902020
1070;63;01/01/2014;PVC;PVC19902020
1071;63;01/01/2014;PVC;PVC19902020
1072;63;01/01/2014;PVC;PVC19902020
1073;63;01/01/2014;PVC;PVC19902020
1074;63;01/01/2014;PVC;PVC19902020
1075;63;01/01/2014;PVC;PVC19902020
1076;63;01/01/2014;PVC;PVC19902020
1077;63;01/01/2014;PVC;PVC19902020
1078;63;01/01/2014;PVC;PVC19902020
1079;63;01/01/2014;PVC;PVC19902020
1080;63;01/01/2014;PVC;PVC19902020
1081;63;01/01/2014;PVC;PVC19902020
1082;63;01/01/2014;PVC;PVC19902020
1083;63;01/01/2014;PVC;PVC19902020
1084;63;01/01/2014;PVC;PVC19902020
1085;63;01/01/2014;PVC;PVC19902020
1086;63;01/01/2014;PVC;PVC19902020
1087;63;01/01/2014;PVC;PVC19902020
1088;63;01/01/2014;PVC;PVC19902020
1089;63;01/01/2014;PVC;PVC19902020
1090;63;01/01/2014;PVC;PVC19902020
1091;63;01/01/2014;PVC;PVC19902020
1092;63;01/01/2014;PVC;PVC19902020
1093;63;01/01/2014;PVC;PVC19902020
1094;63;01/01/2014;PVC;PVC19902020
1095;32;01/01/2014;PEHD;PEHD19952020
1096;32;01/01/2014;PEHD;PEHD19952020
1097;63;01/01/2008;PVC;PVC19902020
1098;63;01/01/2008;PVC;PVC19902020
1099;63;01/01/2008;PVC;PVC19902020
1100;63;01/01/2008;PVC;PVC19902020
1101;63;01/01/2008;PVC;PVC19902020
1102;63;01/01/2004;PVC;PVC19902020
1103;63;01/01/2008;PVC;PVC19902020
1104;63;01/01/2008;PVC;PVC19902020
1105;63;01/01/2008;PVC;PVC19902020
1106;63;01/01/2008;PVC;PVC19902020
1107;100;01/01/2011;FONTEDUCTILE;FONTEDUCTILE20102020
1108;150;01/01/2011;FONTEDUCTILE;FONTEDUCTILE20102020
1109;50;01/01/2014;PEHD;PEHD19952020
1110;50;01/01/2014;PEHD;PEHD19952020
1111;50;01/01/2014;PEHD;PEHD19952020
1112;50;01/01/2014;PEHD;PEHD19952020
1113;50;01/01/2014;PEHD;PEHD19952020
1114;75;01/01/2010;PVC;PVC19902020
1115;75;01/01/2010;PVC;PVC19902020
1116;75;01/01/2010;PVC;PVC19902020
1117;75;01/01/2010;PVC;PVC19902020
1118;110;01/01/2013;FONTEDUCTILE;FONTEDUCTILE20102020
1119;110;01/01/2013;FONTEDUCTILE;FONTEDUCTILE20102020
1120;110;01/01/2013;FONTEDUCTILE;FONTEDUCTILE20102020
1121;110;01/01/2013;FONTEDUCTILE;FONTEDUCTILE20102020
1122;110;01/01/2013;FONTEDUCTILE;FONTEDUCTILE20102020
1123;110;01/01/2013;FONTEDUCTILE;FONTEDUCTILE20102020
1124;110;01/01/2017;FONTEDUCTILE;FONTEDUCTILE20102020
1125;110;01/01/2017;FONTEDUCTILE;FONTEDUCTILE20102020
1126;100;01/01/2017;FONTEDUCTILE;FONTEDUCTILE20102020
1127;100;01/01/2017;FONTEDUCTILE;FONTEDUCTILE20102020
1128;100;01/01/2017;FONTEDUCTILE;FONTEDUCTILE20102020
1129;100;01/01/2017;FONTEDUCTILE;FONTEDUCTILE20102020
1130;100;01/01/2017;FONTEDUCTILE;FONTEDUCTILE20102020
1131;100;01/01/2017;FONTEDUCTILE;FONTEDUCTILE20102020
1132;50;01/01/2013;PEHD;PEHD19952020
1133;50;01/01/2013;PEHD;PEHD19952020
1134;50;01/01/2013;PEHD;PEHD19952020
1135;50;01/01/2013;PEHD;PEHD19952020
1136;50;01/01/2013;PEHD;PEHD19952020
1137;50;01/01/2013;PEHD;PEHD19952020
1138;50;01/01/2013;PEHD;PEHD19952020
1139;50;01/01/2013;PEHD;PEHD19952020
1140;200;01/01/2007;FONTEDUCTILE;FONTEDUCTILE20002010
1141;200;01/01/2007;FONTEDUCTILE;FONTEDUCTILE20002010
1142;200;01/01/2007;FONTEDUCTILE;FONTEDUCTILE20002010
1143;200;01/01/2007;FONTEDUCTILE;FONTEDUCTILE20002010
1144;200;01/01/2007;FONTEDUCTILE;FONTEDUCTILE20002010
1145;200;01/01/2007;FONTEDUCTILE;FONTEDUCTILE20002010
1146;200;01/01/2007;FONTEDUCTILE;FONTEDUCTILE20002010
1147;200;01/01/2007;FONTEDUCTILE;FONTEDUCTILE20002010
1148;200;01/01/2007;FONTEDUCTILE;FONTEDUCTILE20002010
1149;200;01/01/2007;FONTEDUCTILE;FONTEDUCTILE20002010
1150;200;01/01/2007;FONTEDUCTILE;FONTEDUCTILE20002010
1151;200;01/01/2007;FONTEDUCTILE;FONTEDUCTILE20002010
1152;200;01/01/2007;FONTEDUCTILE;FONTEDUCTILE20002010
1153;200;01/01/2007;FONTEDUCTILE;FONTEDUCTILE20002010
1154;200;01/01/2007;FONTEDUCTILE;FONTEDUCTILE20002010
1155;110;01/01/2013;FONTEDUCTILE;FONTEDUCTILE20102020
1156;63;01/01/2004;PVC;PVC19902020
1157;75;01/01/2004;PVC;PVC19902020
1158;75;01/01/2004;PVC;PVC19902020
1159;75;01/01/2004;PVC;PVC19902020
1160;40;01/01/2006;PEHD;PEHD19952020
1161;40;01/01/2006;PEHD;PEHD19952020
1162;40;01/01/2007;PVC;PVC19902020
1163;63;01/01/2007;PVC;PVC19902020
1164;63;01/01/2007;PVC;PVC19902020
1165;125;01/01/2010;PVC;PVC19902020
1166;75;01/01/2010;PVC;PVC19902020
1167;40;01/01/2010;PEHD;PEHD19952020
1168;75;01/01/2010;PVC;PVC19902020
1169;100;01/01/2009;FONTEDUCTILE;FONTEDUCTILE20002010
1170;100;01/01/2009;FONTEDUCTILE;FONTEDUCTILE20002010
1171;100;01/01/2009;FONTEDUCTILE;FONTEDUCTILE20002010
1172;100;01/01/2009;FONTEDUCTILE;FONTEDUCTILE20002010
1173;100;01/01/2009;FONTEDUCTILE;FONTEDUCTILE20002010
1174;160;01/01/2013;FONTEDUCTILE;FONTEDUCTILE20102020
1175;160;01/01/2013;FONTEDUCTILE;FONTEDUCTILE20102020
1176;50;01/01/2013;PEHD;PEHD19952020
1177;50;01/01/2013;PEHD;PEHD19952020
1178;160;01/01/2013;FONTEDUCTILE;FONTEDUCTILE20102020
1179;40;01/01/2013;PEHD;PEHD19952020
1180;40;01/01/2013;PEHD;PEHD19952020
1181;40;01/01/2013;PEHD;PEHD19952020
1182;40;01/01/2013;PEHD;PEHD19952020
1183;40;01/01/2013;PEHD;PEHD19952020
1184;150;01/01/2013;FONTEDUCTILE;FONTEDUCTILE20102020
1185;150;01/01/2013;FONTEDUCTILE;FONTEDUCTILE20102020
1186;150;01/01/2013;FONTEDUCTILE;FONTEDUCTILE20102020
1187;150;01/01/2013;FONTEDUCTILE;FONTEDUCTILE20102020
1188;150;01/01/2013;FONTEDUCTILE;FONTEDUCTILE20102020
1189;100;01/01/2014;FONTEDUCTILE;FONTEDUCTILE20102020
1190;100;01/01/2014;FONTEDUCTILE;FONTEDUCTILE20102020
1191;100;01/01/2014;FONTEDUCTILE;FONTEDUCTILE20102020
1192;100;01/01/2014;FONTEDUCTILE;FONTEDUCTILE20102020
1193;100;01/01/2013;FONTEDUCTILE;FONTEDUCTILE20102020
1194;75;01/01/2005;PVC;PVC19902020
1195;75;01/01/2005;PVC;PVC19902020
1196;75;01/01/2005;PVC;PVC19902020
1197;75;01/01/2005;PVC;PVC19902020
1198;75;01/01/2005;PVC;PVC19902020
1199;75;01/01/2005;PVC;PVC19902020
1200;75;01/01/2005;PVC;PVC19902020
1201;75;01/01/2005;PVC;PVC19902020
1202;75;01/01/2005;PVC;PVC19902020
1203;75;01/01/2005;PVC;PVC19902020
1204;75;01/01/2005;PVC;PVC19902020
1205;75;01/01/2005;PVC;PVC19902020
1206;75;01/01/2005;PVC;PVC19902020
1207;75;01/01/2005;PVC;PVC19902020
1208;75;01/01/2005;PVC;PVC19902020
1209;75;01/01/2005;PVC;PVC19902020
1210;75;01/01/2005;PVC;PVC19902020
1211;75;01/01/2005;PVC;PVC19902020
1212;75;01/01/2005;PVC;PVC19902020
1213;50;01/01/2005;PEHD;PEHD19952020
1214;50;01/01/2005;PEHD;PEHD19952020
1215;75;01/01/2005;PVC;PVC19902020
1216;75;01/01/2005;PVC;PVC19902020
1217;75;01/01/2007;PVC;PVC19902020
1218;75;01/01/2007;PVC;PVC19902020
1219;75;01/01/2007;PVC;PVC19902020
1220;75;01/01/2007;PVC;PVC19902020
1221;75;01/01/2007;PVC;PVC19902020
1222;75;01/01/2007;PVC;PVC19902020
1223;75;01/01/2007;PVC;PVC19902020
1224;75;01/01/2007;PVC;PVC19902020
1225;75;01/01/2007;PVC;PVC19902020
1226;75;01/01/2007;PVC;PVC19902020
1227;75;01/01/2007;PVC;PVC19902020
1228;75;01/01/2007;PVC;PVC19902020
1229;75;01/01/2007;PVC;PVC19902020
1230;75;01/01/2007;PVC;PVC19902020
1231;63;01/01/2010;PVC;PVC19902020
1232;63;01/01/2010;PVC;PVC19902020
1233;100;01/01/2009;FONTEDUCTILE;FONTEDUCTILE20002010
1234;100;01/01/2009;FONTEDUCTILE;FONTEDUCTILE20002010
1235;100;01/01/2009;FONTEDUCTILE;FONTEDUCTILE20002010
1236;100;01/01/2009;FONTEDUCTILE;FONTEDUCTILE20002010
1237;110;01/01/2014;PVC;PVC19902020
1238;110;01/01/2014;PVC;PVC19902020
1239;110;01/01/2014;PVC;PVC19902020
1240;110;01/01/2014;PVC;PVC19902020
1241;150;01/01/2014;FONTEDUCTILE;FONTEDUCTILE20102020
1242;150;01/01/2014;FONTEDUCTILE;FONTEDUCTILE20102020
1243;150;01/01/2014;FONTEDUCTILE;FONTEDUCTILE20102020
1244;150;01/01/2014;FONTEDUCTILE;FONTEDUCTILE20102020
1245;150;01/01/2014;FONTEDUCTILE;FONTEDUCTILE20102020
1246;150;01/01/2014;FONTEDUCTILE;FONTEDUCTILE20102020
1247;150;01/01/2014;FONTEDUCTILE;FONTEDUCTILE20102020
1248;150;01/01/2014;FONTEDUCTILE;FONTEDUCTILE20102020
1249;150;01/01/2014;FONTEDUCTILE;FONTEDUCTILE20102020
1250;150;01/01/2014;FONTEDUCTILE;FONTEDUCTILE20102020
1251;150;01/01/2014;FONTEDUCTILE;FONTEDUCTILE20102020
1252;150;01/01/2014;FONTEDUCTILE;FONTEDUCTILE20102020
1253;150;01/01/2014;FONTEDUCTILE;FONTEDUCTILE20102020
1254;150;01/01/2013;FONTEDUCTILE;FONTEDUCTILE20102020
1255;150;01/01/2013;FONTEDUCTILE;FONTEDUCTILE20102020
1256;150;01/01/2013;FONTEDUCTILE;FONTEDUCTILE20102020
1257;150;01/01/2013;FONTEDUCTILE;FONTEDUCTILE20102020
1258;150;01/01/2013;FONTEDUCTILE;FONTEDUCTILE20102020
1259;150;01/01/2013;FONTEDUCTILE;FONTEDUCTILE20102020
1260;100;01/01/2006;FONTEDUCTILE;FONTEDUCTILE20002010
1261;100;01/01/2006;FONTEDUCTILE;FONTEDUCTILE20002010
1262;100;01/01/2006;FONTEDUCTILE;FONTEDUCTILE20002010
1263;100;01/01/2006;FONTEDUCTILE;FONTEDUCTILE20002010
1264;100;01/01/2006;FONTEDUCTILE;FONTEDUCTILE20002010
1265;100;01/01/2006;FONTEDUCTILE;FONTEDUCTILE20002010
1266;100;01/01/2006;FONTEDUCTILE;FONTEDUCTILE20002010
1267;100;01/01/2006;FONTEDUCTILE;FONTEDUCTILE20002010
1268;100;01/01/2006;FONTEDUCTILE;FONTEDUCTILE20002010
1269;100;01/01/2006;FONTEDUCTILE;FONTEDUCTILE20002010
1270;100;01/01/2006;FONTEDUCTILE;FONTEDUCTILE20002010
1271;100;01/01/2006;FONTEDUCTILE;FONTEDUCTILE20002010
1272;100;01/01/2006;FONTEDUCTILE;FONTEDUCTILE20002010
1273;100;01/01/2006;FONTEDUCTILE;FONTEDUCTILE20002010
1274;100;01/01/2006;FONTEDUCTILE;FONTEDUCTILE20002010
1275;100;01/01/2006;FONTEDUCTILE;FONTEDUCTILE20002010
1276;100;01/01/2006;FONTEDUCTILE;FONTEDUCTILE20002010
1277;100;01/01/2006;FONTEDUCTILE;FONTEDUCTILE20002010
1278;100;01/01/2006;FONTEDUCTILE;FONTEDUCTILE20002010
1279;100;01/01/2006;FONTEDUCTILE;FONTEDUCTILE20002010
1280;100;01/01/2006;FONTEDUCTILE;FONTEDUCTILE20002010
1281;100;01/01/2006;FONTEDUCTILE;FONTEDUCTILE20002010
1282;100;01/01/2006;FONTEDUCTILE;FONTEDUCTILE20002010
1283;100;01/01/2006;FONTEDUCTILE;FONTEDUCTILE20002010
1284;100;01/01/2006;FONTEDUCTILE;FONTEDUCTILE20002010
1285;100;01/01/2006;FONTEDUCTILE;FONTEDUCTILE20002010
1286;100;01/01/2006;FONTEDUCTILE;FONTEDUCTILE20002010
1287;100;01/01/2006;FONTEDUCTILE;FONTEDUCTILE20002010
1288;100;01/01/2006;FONTEDUCTILE;FONTEDUCTILE20002010
1289;100;01/01/2006;FONTEDUCTILE;FONTEDUCTILE20002010
1290;100;01/01/2006;FONTEDUCTILE;FONTEDUCTILE20002010
1291;100;01/01/2006;FONTEDUCTILE;FONTEDUCTILE20002010
1292;100;01/01/2006;FONTEDUCTILE;FONTEDUCTILE20002010
1293;125;01/01/2007;FONTEDUCTILE;FONTEDUCTILE20002010
1294;125;01/01/2007;FONTEDUCTILE;FONTEDUCTILE20002010
1295;125;01/01/2007;FONTEDUCTILE;FONTEDUCTILE20002010
1296;125;01/01/2007;FONTEDUCTILE;FONTEDUCTILE20002010
1297;125;01/01/2007;FONTEDUCTILE;FONTEDUCTILE20002010
1298;150;01/01/2013;FONTEDUCTILE;FONTEDUCTILE20102020
1299;150;01/01/2013;FONTEDUCTILE;FONTEDUCTILE20102020
1300;150;01/01/2013;FONTEDUCTILE;FONTEDUCTILE20102020
1301;150;01/01/2013;FONTEDUCTILE;FONTEDUCTILE20102020
1302;150;01/01/2013;FONTEDUCTILE;FONTEDUCTILE20102020
1303;150;01/01/2013;FONTEDUCTILE;FONTEDUCTILE20102020
1304;150;01/01/2013;FONTEDUCTILE;FONTEDUCTILE20102020
1305;150;01/01/2013;FONTEDUCTILE;FONTEDUCTILE20102020
1306;150;01/01/2013;FONTEDUCTILE;FONTEDUCTILE20102020
1307;150;01/01/2013;FONTEDUCTILE;FONTEDUCTILE20102020
1308;150;01/01/2013;FONTEDUCTILE;FONTEDUCTILE20102020
1309;150;01/01/2013;FONTEDUCTILE;FONTEDUCTILE20102020
1310;150;01/01/2013;FONTEDUCTILE;FONTEDUCTILE20102020
1311;150;01/01/2013;FONTEDUCTILE;FONTEDUCTILE20102020
1312;150;01/01/2013;FONTEDUCTILE;FONTEDUCTILE20102020
1313;150;01/01/2013;FONTEDUCTILE;FONTEDUCTILE20102020
1314;150;01/01/2013;FONTEDUCTILE;FONTEDUCTILE20102020
1315;150;01/01/2013;FONTEDUCTILE;FONTEDUCTILE20102020
1316;150;01/01/2013;FONTEDUCTILE;FONTEDUCTILE20102020
1317;150;01/01/2013;FONTEDUCTILE;FONTEDUCTILE20102020
1318;150;01/01/2013;FONTEDUCTILE;FONTEDUCTILE20102020
1319;150;01/01/2013;FONTEDUCTILE;FONTEDUCTILE20102020
1320;150;01/01/2013;FONTEDUCTILE;FONTEDUCTILE20102020
1321;150;01/01/2013;FONTEDUCTILE;FONTEDUCTILE20102020
1322;150;01/01/2013;FONTEDUCTILE;FONTEDUCTILE20102020
1323;150;01/01/2013;FONTEDUCTILE;FONTEDUCTILE20102020
1324;150;01/01/2013;FONTEDUCTILE;FONTEDUCTILE20102020
1325;150;01/01/2013;FONTEDUCTILE;FONTEDUCTILE20102020
1326;150;01/01/2013;FONTEDUCTILE;FONTEDUCTILE20102020
1327;150;01/01/2013;FONTEDUCTILE;FONTEDUCTILE20102020
1328;150;01/01/2013;FONTEDUCTILE;FONTEDUCTILE20102020
1329;150;01/01/2013;FONTEDUCTILE;FONTEDUCTILE20102020
1330;150;01/01/2013;FONTEDUCTILE;FONTEDUCTILE20102020
1331;150;01/01/2013;FONTEDUCTILE;FONTEDUCTILE20102020
1332;150;01/01/2013;FONTEDUCTILE;FONTEDUCTILE20102020
1333;150;01/01/2013;FONTEDUCTILE;FONTEDUCTILE20102020
1334;150;01/01/2013;FONTEDUCTILE;FONTEDUCTILE20102020
1335;150;01/01/2013;FONTEDUCTILE;FONTEDUCTILE20102020
1336;150;01/01/2013;FONTEDUCTILE;FONTEDUCTILE20102020
1337;150;01/01/2013;FONTEDUCTILE;FONTEDUCTILE20102020
1338;150;01/01/2013;FONTEDUCTILE;FONTEDUCTILE20102020
1339;150;01/01/2013;FONTEDUCTILE;FONTEDUCTILE20102020
1340;150;01/01/2013;FONTEDUCTILE;FONTEDUCTILE20102020
1341;150;01/01/2013;FONTEDUCTILE;FONTEDUCTILE20102020
1342;150;01/01/2013;FONTEDUCTILE;FONTEDUCTILE20102020
1343;150;01/01/2013;FONTEDUCTILE;FONTEDUCTILE20102020
1344;150;01/01/2013;FONTEDUCTILE;FONTEDUCTILE20102020
1345;150;01/01/2013;FONTEDUCTILE;FONTEDUCTILE20102020
1346;150;01/01/2013;FONTEDUCTILE;FONTEDUCTILE20102020
1347;150;01/01/2014;FONTEDUCTILE;FONTEDUCTILE20102020
1348;150;01/01/2014;FONTEDUCTILE;FONTEDUCTILE20102020
1349;150;01/01/2014;FONTEDUCTILE;FONTEDUCTILE20102020
1350;150;01/01/2014;FONTEDUCTILE;FONTEDUCTILE20102020
1351;150;01/01/2014;FONTEDUCTILE;FONTEDUCTILE20102020
1352;150;01/01/2014;FONTEDUCTILE;FONTEDUCTILE20102020
1353;150;01/01/2014;FONTEDUCTILE;FONTEDUCTILE20102020
1354;150;01/01/2014;FONTEDUCTILE;FONTEDUCTILE20102020
1355;150;01/01/2014;FONTEDUCTILE;FONTEDUCTILE20102020
1356;150;01/01/2014;FONTEDUCTILE;FONTEDUCTILE20102020
1357;150;01/01/2014;FONTEDUCTILE;FONTEDUCTILE20102020
1358;150;01/01/2014;FONTEDUCTILE;FONTEDUCTILE20102020
1359;150;01/01/2014;FONTEDUCTILE;FONTEDUCTILE20102020
1360;150;01/01/2014;FONTEDUCTILE;FONTEDUCTILE20102020
1361;150;01/01/2014;FONTEDUCTILE;FONTEDUCTILE20102020
1362;150;01/01/2014;FONTEDUCTILE;FONTEDUCTILE20102020
1363;150;01/01/2016;FONTEDUCTILE;FONTEDUCTILE20102020
1364;150;01/01/2016;FONTEDUCTILE;FONTEDUCTILE20102020
1365;150;01/01/2016;FONTEDUCTILE;FONTEDUCTILE20102020
1366;150;01/01/2016;FONTEDUCTILE;FONTEDUCTILE20102020
1367;150;01/01/2016;FONTEDUCTILE;FONTEDUCTILE20102020
1368;150;01/01/2016;FONTEDUCTILE;FONTEDUCTILE20102020
1369;150;01/01/2016;FONTEDUCTILE;FONTEDUCTILE20102020
1370;150;01/01/2016;FONTEDUCTILE;FONTEDUCTILE20102020
1371;150;01/01/2016;FONTEDUCTILE;FONTEDUCTILE20102020
1372;150;01/01/2016;FONTEDUCTILE;FONTEDUCTILE20102020
1373;150;01/01/2016;FONTEDUCTILE;FONTEDUCTILE20102020
1374;150;01/01/2016;FONTEDUCTILE;FONTEDUCTILE20102020
1375;150;01/01/2016;FONTEDUCTILE;FONTEDUCTILE20102020
1376;150;01/01/2014;FONTEDUCTILE;FONTEDUCTILE20102020
1377;150;01/01/2014;FONTEDUCTILE;FONTEDUCTILE20102020
1378;150;01/01/2014;FONTEDUCTILE;FONTEDUCTILE20102020
1379;150;01/01/2014;FONTEDUCTILE;FONTEDUCTILE20102020
1380;150;01/01/2014;FONTEDUCTILE;FONTEDUCTILE20102020
1381;150;01/01/2014;FONTEDUCTILE;FONTEDUCTILE20102020
1382;150;01/01/2014;FONTEDUCTILE;FONTEDUCTILE20102020
1383;150;01/01/2014;FONTEDUCTILE;FONTEDUCTILE20102020
1384;150;01/01/2014;FONTEDUCTILE;FONTEDUCTILE20102020
1385;150;01/01/2014;FONTEDUCTILE;FONTEDUCTILE20102020
1386;150;01/01/2014;FONTEDUCTILE;FONTEDUCTILE20102020
1387;150;01/01/2014;FONTEDUCTILE;FONTEDUCTILE20102020
1388;150;01/01/2014;FONTEDUCTILE;FONTEDUCTILE20102020
1389;150;01/01/2014;FONTEDUCTILE;FONTEDUCTILE20102020
1390;150;01/01/2014;FONTEDUCTILE;FONTEDUCTILE20102020
1391;150;01/01/2014;FONTEDUCTILE;FONTEDUCTILE20102020
1392;150;01/01/2014;FONTEDUCTILE;FONTEDUCTILE20102020
1393;150;01/01/2014;FONTEDUCTILE;FONTEDUCTILE20102020
1394;150;01/01/2014;FONTEDUCTILE;FONTEDUCTILE20102020
1395;150;01/01/2014;FONTEDUCTILE;FONTEDUCTILE20102020
1396;150;01/01/2014;FONTEDUCTILE;FONTEDUCTILE20102020
1397;0;01/01/2008;FONTEDUCTILE;FONTEDUCTILE20002010
1398;0;01/01/2008;FONTEDUCTILE;FONTEDUCTILE20002010
1399;0;01/01/2008;INCONNU;r
1400;90;01/01/2008;PVC;PVC19902020
1401;90;01/01/2008;PVC;PVC19902020
1402;90;01/01/2008;PVC;PVC19902020
1403;75;01/01/2008;PVC;PVC19902020
1404;75;01/01/2008;PVC;PVC19902020
1405;75;01/01/2008;PVC;PVC19902020
1406;75;01/01/2008;PVC;PVC19902020
1407;75;01/01/2008;PVC;PVC19902020
1408;75;01/01/2008;PVC;PVC19902020
1409;75;01/01/2008;PVC;PVC19902020
1410;75;01/01/2008;PVC;PVC19902020
1411;75;01/01/2008;PVC;PVC19902020
1412;75;01/01/2008;PVC;PVC19902020
1413;75;01/01/2008;PVC;PVC19902020
1414;75;01/01/2008;PVC;PVC19902020
1415;75;01/01/2008;PVC;PVC19902020
1416;75;01/01/2008;PVC;PVC19902020
1417;75;01/01/2008;PVC;PVC19902020
1418;75;01/01/2008;PVC;PVC19902020
1419;75;01/01/2008;PVC;PVC19902020
1420;75;01/01/2008;PVC;PVC19902020
1421;75;01/01/2008;PVC;PVC19902020
1422;0;01/01/2016;FONTEDUCTILE;FONTEDUCTILE20102020
1423;0;01/01/2016;FONTEDUCTILE;FONTEDUCTILE20102020
1424;0;01/01/2016;FONTEDUCTILE;FONTEDUCTILE20102020
1425;0;01/01/2016;FONTEDUCTILE;FONTEDUCTILE20102020
1426;0;01/01/2016;FONTEDUCTILE;FONTEDUCTILE20102020
1427;0;01/01/2016;FONTEDUCTILE;FONTEDUCTILE20102020
1428;0;01/01/2016;FONTEDUCTILE;FONTEDUCTILE20102020
1429;0;01/01/2016;FONTEDUCTILE;FONTEDUCTILE20102020
1430;0;01/01/2016;FONTEDUCTILE;FONTEDUCTILE20102020
1431;0;01/01/2016;FONTEDUCTILE;FONTEDUCTILE20102020
1432;0;01/01/2016;FONTEDUCTILE;FONTEDUCTILE20102020
1433;0;01/01/2016;FONTEDUCTILE;FONTEDUCTILE20102020
1434;0;01/01/2016;FONTEDUCTILE;FONTEDUCTILE20102020
1435;0;01/01/2016;FONTEDUCTILE;FONTEDUCTILE20102020
1436;0;01/01/2016;FONTEDUCTILE;FONTEDUCTILE20102020
1437;0;01/01/2016;FONTEDUCTILE;FONTEDUCTILE20102020
1438;150;01/01/2015;FONTEDUCTILE;FONTEDUCTILE20102020
1439;150;01/01/2015;FONTEDUCTILE;FONTEDUCTILE20102020
1440;150;01/01/2015;FONTEDUCTILE;FONTEDUCTILE20102020
1441;150;01/01/2015;FONTEDUCTILE;FONTEDUCTILE20102020
1442;150;01/01/2015;FONTEDUCTILE;FONTEDUCTILE20102020
1443;150;01/01/2015;FONTEDUCTILE;FONTEDUCTILE20102020
1444;150;01/01/2015;FONTEDUCTILE;FONTEDUCTILE20102020
1445;150;01/01/2015;FONTEDUCTILE;FONTEDUCTILE20102020
1446;150;01/01/2015;FONTEDUCTILE;FONTEDUCTILE20102020
1447;150;01/01/2015;FONTEDUCTILE;FONTEDUCTILE20102020
1448;150;01/01/2015;FONTEDUCTILE;FONTEDUCTILE20102020
1449;150;01/01/2015;FONTEDUCTILE;FONTEDUCTILE20102020
1450;150;01/01/2015;FONTEDUCTILE;FONTEDUCTILE20102020
1451;150;01/01/2015;FONTEDUCTILE;FONTEDUCTILE20102020
1452;150;01/01/2015;FONTEDUCTILE;FONTEDUCTILE20102020
1453;150;01/01/2015;FONTEDUCTILE;FONTEDUCTILE20102020
1454;150;01/01/2015;FONTEDUCTILE;FONTEDUCTILE20102020
1455;150;01/01/2015;FONTEDUCTILE;FONTEDUCTILE20102020
1456;150;01/01/2015;FONTEDUCTILE;FONTEDUCTILE20102020
1457;150;01/01/2015;FONTEDUCTILE;FONTEDUCTILE20102020
1458;150;01/01/2015;FONTEDUCTILE;FONTEDUCTILE20102020
1459;150;01/01/2015;FONTEDUCTILE;FONTEDUCTILE20102020
1460;150;01/01/2015;FONTEDUCTILE;FONTEDUCTILE20102020
1461;150;01/01/2015;FONTEDUCTILE;FONTEDUCTILE20102020
1462;150;01/01/2015;FONTEDUCTILE;FONTEDUCTILE20102020
1463;150;01/01/2015;FONTEDUCTILE;FONTEDUCTILE20102020
1464;150;01/01/2015;FONTEDUCTILE;FONTEDUCTILE20102020
1465;150;01/01/2015;FONTEDUCTILE;FONTEDUCTILE20102020
1466;150;01/01/2015;FONTEDUCTILE;FONTEDUCTILE20102020
1467;150;01/01/2015;FONTEDUCTILE;FONTEDUCTILE20102020
1468;150;01/01/2015;FONTEDUCTILE;FONTEDUCTILE20102020
1469;100;01/01/2015;FONTEDUCTILE;FONTEDUCTILE20102020
1470;100;01/01/2015;FONTEDUCTILE;FONTEDUCTILE20102020
1471;100;01/01/2015;FONTEDUCTILE;FONTEDUCTILE20102020
1472;100;01/01/2015;FONTEDUCTILE;FONTEDUCTILE20102020
1473;100;01/01/2015;FONTEDUCTILE;FONTEDUCTILE20102020
1474;100;01/01/2015;FONTEDUCTILE;FONTEDUCTILE20102020
1475;100;01/01/2015;FONTEDUCTILE;FONTEDUCTILE20102020
1476;100;01/01/2015;FONTEDUCTILE;FONTEDUCTILE20102020
1477;100;01/01/2015;FONTEDUCTILE;FONTEDUCTILE20102020
1478;100;01/01/2015;FONTEDUCTILE;FONTEDUCTILE20102020
1479;100;01/01/2015;FONTEDUCTILE;FONTEDUCTILE20102020
1480;100;01/01/2015;FONTEDUCTILE;FONTEDUCTILE20102020
1481;100;01/01/2015;FONTEDUCTILE;FONTEDUCTILE20102020
1482;100;01/01/2015;FONTEDUCTILE;FONTEDUCTILE20102020
1483;100;01/01/2015;FONTEDUCTILE;FONTEDUCTILE20102020
1484;100;01/01/2015;FONTEDUCTILE;FONTEDUCTILE20102020
1485;100;01/01/2015;FONTEDUCTILE;FONTEDUCTILE20102020
1486;100;01/01/2015;FONTEDUCTILE;FONTEDUCTILE20102020
1487;100;01/01/2015;FONTEDUCTILE;FONTEDUCTILE20102020
1488;100;01/01/2015;FONTEDUCTILE;FONTEDUCTILE20102020
1489;100;01/01/2015;FONTEDUCTILE;FONTEDUCTILE20102020
1490;100;01/01/2015;FONTEDUCTILE;FONTEDUCTILE20102020
1491;100;01/01/2015;FONTEDUCTILE;FONTEDUCTILE20102020
1492;100;01/01/2015;FONTEDUCTILE;FONTEDUCTILE20102020
1493;100;01/01/2015;FONTEDUCTILE;FONTEDUCTILE20102020
1494;100;01/01/2015;FONTEDUCTILE;FONTEDUCTILE20102020
1495;100;01/01/2015;FONTEDUCTILE;FONTEDUCTILE20102020
1496;100;01/01/2015;FONTEDUCTILE;FONTEDUCTILE20102020
1497;75;01/01/2009;PVC;PVC19902020
1498;75;01/01/2009;PVC;PVC19902020
1499;75;01/01/2009;PVC;PVC19902020
1500;75;01/01/2009;PVC;PVC19902020
1501;75;01/01/2009;PVC;PVC19902020
1502;75;01/01/2009;PVC;PVC19902020
1503;75;01/01/2009;PVC;PVC19902020
1504;75;01/01/2009;PVC;PVC19902020
1505;75;01/01/2009;PVC;PVC19902020
1506;100;01/01/2015;FONTEDUCTILE;FONTEDUCTILE20102020
1507;100;01/01/2015;FONTEDUCTILE;FONTEDUCTILE20102020
1508;100;01/01/2015;FONTEDUCTILE;FONTEDUCTILE20102020
1509;100;01/01/2015;FONTEDUCTILE;FONTEDUCTILE20102020
1510;100;01/01/2015;FONTEDUCTILE;FONTEDUCTILE20102020
1511;100;01/01/2015;FONTEDUCTILE;FONTEDUCTILE20102020
1512;100;01/01/2015;FONTEDUCTILE;FONTEDUCTILE20102020
1513;100;01/01/2015;FONTEDUCTILE;FONTEDUCTILE20102020
1514;100;01/01/2015;FONTEDUCTILE;FONTEDUCTILE20102020
1515;100;01/01/2015;FONTEDUCTILE;FONTEDUCTILE20102020
1516;100;01/01/2015;FONTEDUCTILE;FONTEDUCTILE20102020
1517;100;01/01/2015;FONTEDUCTILE;FONTEDUCTILE20102020
1518;100;01/01/2015;FONTEDUCTILE;FONTEDUCTILE20102020
1519;100;01/01/2015;FONTEDUCTILE;FONTEDUCTILE20102020
1520;100;01/01/2015;FONTEDUCTILE;FONTEDUCTILE20102020
1521;100;01/01/2009;FONTEDUCTILE;FONTEDUCTILE20002010
1522;100;01/01/2009;FONTEDUCTILE;FONTEDUCTILE20002010
1523;100;01/01/2009;FONTEDUCTILE;FONTEDUCTILE20002010
1524;100;01/01/2009;FONTEDUCTILE;FONTEDUCTILE20002010
1525;100;01/01/2009;FONTEDUCTILE;FONTEDUCTILE20002010
1526;100;01/01/2015;FONTEDUCTILE;FONTEDUCTILE20102020
1527;100;01/01/2015;FONTEDUCTILE;FONTEDUCTILE20102020
1528;100;01/01/2015;FONTEDUCTILE;FONTEDUCTILE20102020
1529;100;01/01/2015;FONTEDUCTILE;FONTEDUCTILE20102020
1530;100;01/01/2006;FONTEDUCTILE;FONTEDUCTILE20002010
1531;100;01/01/2006;FONTEDUCTILE;FONTEDUCTILE20002010
1532;150;01/01/2011;FONTEDUCTILE;FONTEDUCTILE20102020
1533;80;01/01/2015;PVC;PVC19902020
1534;150;01/01/2015;FONTEDUCTILE;FONTEDUCTILE20102020
1535;50;01/01/2015;PEHD;PEHD19952020
1536;50;01/01/2015;PEHD;PEHD19952020
1537;150;01/01/2015;FONTEDUCTILE;FONTEDUCTILE20102020
1538;100;01/01/2015;FONTEDUCTILE;FONTEDUCTILE20102020
1539;100;01/01/2015;FONTEDUCTILE;FONTEDUCTILE20102020
1540;100;01/01/2015;FONTEDUCTILE;FONTEDUCTILE20102020
1541;100;01/01/2015;FONTEDUCTILE;FONTEDUCTILE20102020
1542;100;01/01/2015;FONTEDUCTILE;FONTEDUCTILE20102020
1543;100;01/01/2015;FONTEDUCTILE;FONTEDUCTILE20102020
1544;100;01/01/2015;FONTEDUCTILE;FONTEDUCTILE20102020
1545;100;01/01/2015;FONTEDUCTILE;FONTEDUCTILE20102020
1546;100;01/01/2015;FONTEDUCTILE;FONTEDUCTILE20102020
1547;100;01/01/2015;FONTEDUCTILE;FONTEDUCTILE20102020
1548;150;01/01/2015;FONTEDUCTILE;FONTEDUCTILE20102020
1549;150;01/01/2015;FONTEDUCTILE;FONTEDUCTILE20102020
1550;0;01/01/2015;FONTEDUCTILE;FONTEDUCTILE20102020
1551;0;01/01/2015;FONTEDUCTILE;FONTEDUCTILE20102020
1552;150;01/01/2015;FONTEDUCTILE;FONTEDUCTILE20102020
1553;150;01/01/2015;FONTEDUCTILE;FONTEDUCTILE20102020
1554;150;01/01/2011;FONTEDUCTILE;FONTEDUCTILE20102020
1555;150;01/01/2015;FONTEDUCTILE;FONTEDUCTILE20102020
1556;150;01/01/2015;FONTEDUCTILE;FONTEDUCTILE20102020
1557;150;01/01/2015;FONTEDUCTILE;FONTEDUCTILE20102020
1558;150;01/01/2015;FONTEDUCTILE;FONTEDUCTILE20102020
1559;150;01/01/2015;FONTEDUCTILE;FONTEDUCTILE20102020
1560;150;01/01/2015;FONTEDUCTILE;FONTEDUCTILE20102020
1561;150;01/01/2015;FONTEDUCTILE;FONTEDUCTILE20102020
1562;150;01/01/2015;FONTEDUCTILE;FONTEDUCTILE20102020
1563;150;01/01/2015;FONTEDUCTILE;FONTEDUCTILE20102020
1564;150;01/01/2015;FONTEDUCTILE;FONTEDUCTILE20102020
1565;150;01/01/2015;FONTEDUCTILE;FONTEDUCTILE20102020
1566;150;01/01/2015;FONTEDUCTILE;FONTEDUCTILE20102020
1567;150;01/01/2015;FONTEDUCTILE;FONTEDUCTILE20102020
1568;150;01/01/2015;FONTEDUCTILE;FONTEDUCTILE20102020
1569;150;01/01/2015;FONTEDUCTILE;FONTEDUCTILE20102020
1570;0;01/01/2015;INCONNU;r
1571;110;01/01/2015;PVC;PVC19902020
1572;110;01/01/2015;PVC;PVC19902020
1573;150;01/01/2015;FONTEDUCTILE;FONTEDUCTILE20102020
1574;150;01/01/2015;FONTEDUCTILE;FONTEDUCTILE20102020
1575;100;01/01/2015;FONTEDUCTILE;FONTEDUCTILE20102020
1576;100;01/01/2015;FONTEDUCTILE;FONTEDUCTILE20102020
1577;100;01/01/2015;FONTEDUCTILE;FONTEDUCTILE20102020
1578;150;01/01/2015;FONTEDUCTILE;FONTEDUCTILE20102020
1579;150;01/01/2015;FONTEDUCTILE;FONTEDUCTILE20102020
1580;150;01/01/2015;FONTEDUCTILE;FONTEDUCTILE20102020
1581;100;01/01/2015;FONTEDUCTILE;FONTEDUCTILE20102020
1582;100;01/01/2015;FONTEDUCTILE;FONTEDUCTILE20102020
1583;100;01/01/2015;FONTEDUCTILE;FONTEDUCTILE20102020
1584;100;01/01/2015;FONTEDUCTILE;FONTEDUCTILE20102020
1585;100;01/01/2015;FONTEDUCTILE;FONTEDUCTILE20102020
1586;100;01/01/2015;FONTEDUCTILE;FONTEDUCTILE20102020
1587;100;01/01/2015;FONTEDUCTILE;FONTEDUCTILE20102020
1588;110;01/01/2015;PVC;PVC19902020
1589;110;01/01/2015;PVC;PVC19902020
1590;100;01/01/2015;FONTEDUCTILE;FONTEDUCTILE20102020
1591;100;01/01/2015;FONTEDUCTILE;FONTEDUCTILE20102020
1592;100;01/01/2015;FONTEDUCTILE;FONTEDUCTILE20102020
1593;100;01/01/2015;FONTEDUCTILE;FONTEDUCTILE20102020
1594;100;01/01/2015;FONTEDUCTILE;FONTEDUCTILE20102020
1595;100;01/01/2015;FONTEDUCTILE;FONTEDUCTILE20102020
1596;100;01/01/2015;FONTEDUCTILE;FONTEDUCTILE20102020
1597;100;01/01/2015;FONTEDUCTILE;FONTEDUCTILE20102020
1598;100;01/01/2015;FONTEDUCTILE;FONTEDUCTILE20102020
1599;100;01/01/2015;FONTEDUCTILE;FONTEDUCTILE20102020
1600;75;01/01/2015;PVC;PVC19902020
1601;75;01/01/2015;PVC;PVC19902020
1602;75;01/01/2015;PVC;PVC19902020
1603;110;01/01/2015;PVC;PVC19902020
1604;110;01/01/2013;FONTEDUCTILE;FONTEDUCTILE20102020
1605;110;01/01/2013;FONTEDUCTILE;FONTEDUCTILE20102020
1606;110;01/01/2013;FONTEDUCTILE;FONTEDUCTILE20102020
1607;110;01/01/2013;FONTEDUCTILE;FONTEDUCTILE20102020
1608;110;01/01/2013;FONTEDUCTILE;FONTEDUCTILE20102020
1609;110;01/01/2013;FONTEDUCTILE;FONTEDUCTILE20102020
1610;110;01/01/2013;FONTEDUCTILE;FONTEDUCTILE20102020
1611;110;01/01/2013;FONTEDUCTILE;FONTEDUCTILE20102020
1612;50;01/01/2015;PVC;PVC19902020
1613;75;01/01/2016;PVC;PVC19902020
1614;75;01/01/2016;PVC;PVC19902020
1615;75;01/01/2010;PVC;PVC19902020
1616;75;01/01/2010;PVC;PVC19902020
1617;75;01/01/2010;PVC;PVC19902020
1618;75;01/01/2010;PVC;PVC19902020
1619;75;01/01/2010;PVC;PVC19902020
1620;75;01/01/2010;PVC;PVC19902020
1621;75;01/01/2010;PVC;PVC19902020
1622;75;01/01/2010;PVC;PVC19902020
1623;75;01/01/2010;PVC;PVC19902020
1624;75;01/01/2010;PVC;PVC19902020
1625;75;01/01/2010;PVC;PVC19902020
1626;75;01/01/2010;PVC;PVC19902020
1627;75;01/01/2010;PVC;PVC19902020
1628;75;01/01/2010;PVC;PVC19902020
1629;75;01/01/2010;PVC;PVC19902020
1630;75;01/01/2010;PVC;PVC19902020
1631;75;01/01/2010;PVC;PVC19902020
1632;75;01/01/2010;PVC;PVC19902020
1633;75;01/01/2010;PVC;PVC19902020
1634;100;01/01/2009;FONTEDUCTILE;FONTEDUCTILE20002010
1635;100;01/01/2009;FONTEDUCTILE;FONTEDUCTILE20002010
1636;100;01/01/2009;FONTEDUCTILE;FONTEDUCTILE20002010
1637;100;01/01/2009;FONTEDUCTILE;FONTEDUCTILE20002010
1638;100;01/01/2009;FONTEDUCTILE;FONTEDUCTILE20002010
1639;100;01/01/2009;FONTEDUCTILE;FONTEDUCTILE20002010
1640;100;01/01/2009;FONTEDUCTILE;FONTEDUCTILE20002010
1641;0;01/01/2016;PVC;PVC19902020
1642;0;01/01/2016;PVC;PVC19902020
1643;150;01/01/2015;FONTEDUCTILE;FONTEDUCTILE20102020
1644;150;01/01/2015;FONTEDUCTILE;FONTEDUCTILE20102020
1645;75;01/01/2016;PVC;PVC19902020
1646;75;01/01/2016;PVC;PVC19902020
1647;75;01/01/2016;PVC;PVC19902020
1648;40;01/01/2015;PVC;PVC19902020
1649;40;01/01/2015;PVC;PVC19902020
1650;40;01/01/2015;PVC;PVC19902020
1651;40;01/01/2015;PVC;PVC19902020
1652;40;01/01/2015;PVC;PVC19902020
1653;40;01/01/2015;PVC;PVC19902020
1654;40;01/01/2015;PVC;PVC19902020
1655;40;01/01/2015;PVC;PVC19902020
1656;60;01/01/2015;PVC;PVC19902020
1657;60;01/01/2015;PVC;PVC19902020
1658;60;01/01/2015;PVC;PVC19902020
1659;60;01/01/2015;PVC;PVC19902020
1660;60;01/01/2015;PVC;PVC19902020
1661;60;01/01/2015;PVC;PVC19902020
1662;40;01/01/2015;PVC;PVC19902020
1663;40;01/01/2015;PVC;PVC19902020
1664;60;01/01/2015;PVC;PVC19902020
1665;60;01/01/2015;PVC;PVC19902020
1666;60;01/01/2015;PVC;PVC19902020
1667;60;01/01/2015;PVC;PVC19902020
1668;60;01/01/2015;PVC;PVC19902020
1669;0;01/01/2016;INCONNU;r
1670;100;01/01/2016;FONTEDUCTILE;FONTEDUCTILE20102020
1671;100;01/01/2016;FONTEDUCTILE;FONTEDUCTILE20102020
1672;60;01/01/2015;PVC;PVC19902020
1673;60;01/01/2015;PVC;PVC19902020
1674;100;01/01/2016;FONTEDUCTILE;FONTEDUCTILE20102020
1675;100;01/01/2016;FONTEDUCTILE;FONTEDUCTILE20102020
1676;100;01/01/2016;FONTEDUCTILE;FONTEDUCTILE20102020
1677;0;01/01/2017;INCONNU;r
1678;0;01/01/2014;INCONNU;r
1679;0;01/01/2014;INCONNU;r
1680;0;01/01/2007;INCONNU;r
1681;0;01/01/2007;INCONNU;r
